drug_name,reaction_pt,a,drug_total,reaction_total,PRR,ROR,ROR_CI_low,ROR_CI_high,chi2,is_signal,is_known_literature_signal
Clozapine,Agranulocytosis,298,1015,781,11.540209487093188,15.920938116317414,13.532880354390654,18.730400614335583,1846.274886943031,True,True
Metformin,Lactic acidosis,228,991,653,10.290382857482044,13.066539202837099,10.953055158431214,15.58783775573835,1286.656593760891,True,True
Isotretinoin,Dry skin,218,969,669,9.493312647733852,11.958748276503465,10.015036673185172,14.279694124703715,1155.364531571029,True,True
Warfarin,Haemorrhage,216,969,664,9.46920610349403,11.898619806488332,9.958889477367745,14.216158701339156,1141.8232405338222,True,True
Quetiapine,Sedation,233,1010,702,9.340855833984252,11.842039114960224,9.963632707386012,14.074574456793554,1201.555693043337,True,True
Quetiapine,Weight increased,229,1010,708,8.988838132247464,11.331275945672134,9.531356907461317,13.471095018638513,1140.3920051378782,True,True
Isotretinoin,Depression,213,969,688,8.806915430992342,11.006482873851295,9.218854564886014,13.140750230924127,1053.9563904380882,True,True
Warfarin,International normalised ratio increased,204,969,667,8.653404569739683,10.6943124550036,8.933704081427486,12.80189245612113,991.6043044841391,True,True
Ciprofloxacin,Tendon rupture,317,1025,1050,8.005956144145342,11.142803739758442,9.574939063277698,12.967401083414462,1431.9120412904076,True,True
Lisinopril,Cough,212,1012,711,7.971389419154515,9.818807615230462,8.23766913844365,11.703429861607964,940.5713554444103,True,True
Ibuprofen,Gastrointestinal haemorrhage,297,1049,1003,7.59990899197131,10.206521984811042,8.750359419470456,11.905007101152355,1261.457701413349,True,True
Enalapril,Angioedema,277,1016,964,7.533851390846887,9.98294047780844,8.526503042065915,11.688156339333153,1175.2634427415885,True,True
Simvastatin,Rhabdomyolysis,268,1003,1000,6.934382644416477,9.098211962380581,7.767145025679677,10.657385775433172,1048.7345089402445,True,True
Atorvastatin,Rhabdomyolysis,268,1017,1000,6.833884079930794,8.921308557128995,7.618473326604105,10.44694165871415,1028.4193816234508,True,True
Naproxen,Gastrointestinal haemorrhage,254,988,1003,6.525634719436982,8.437775344419261,7.1880091079218555,9.904836192322694,934.3318594086307,True,True
Lisinopril,Angioedema,240,1012,964,6.219727906011835,7.842441244668366,6.664295694013677,9.228864909359057,829.5669031200307,True,True
Levofloxacin,Tendon rupture,260,1046,1050,5.963695331219594,7.605630173607756,6.498738983770195,8.901051493552066,852.9561539372398,True,True
Apixaban,Hepatotoxicity,49,1002,437,2.3944430726176513,2.466140565333564,1.8193020933300394,3.3429573407743254,36.11918742448975,True,False
Apixaban,Diarrhoea,39,1002,465,1.7357819572123359,1.7655799804016206,1.2639466948533469,2.4663007387005966,11.408825337686741,False,False
Sertraline,Bruising,37,945,468,1.73101805816423,1.7608062389484551,1.250395630878082,2.479566094566839,10.77137221049316,False,False
Sertraline,Dyspepsia,38,945,486,1.7103410808767952,1.7401017876830998,1.2412753749871261,2.4393895927640745,10.591565899922298,False,False
Levothyroxine,Anaphylactic reaction,35,912,468,1.6917872047323854,1.7193955880455363,1.210396608428598,2.44244007923032,9.379780638384748,False,False
Glipizide,Myalgia,42,1038,507,1.6499968922866555,1.6774063997927193,1.215407917071934,2.3150188430926955,10.120105292665366,False,False
Fluoxetine,Photosensitivity reaction,40,1004,507,1.6205840449764113,1.646334420286636,1.1843816788082089,2.2884658483977116,8.983589072504097,False,False
Clozapine,Myalgia,40,1015,507,1.6020928049282182,1.6267940482073244,1.1704039094558478,2.2611500644364595,8.553806668549313,False,False
Levothyroxine,Dyspepsia,34,912,486,1.5743673342648656,1.5966093494869675,1.119430882915071,2.2771941115569505,6.791069457851684,False,False
Fluoxetine,Hyperkalaemia,35,1004,458,1.5655110056228982,1.5859370997372446,1.1167728923704867,2.2522005158848115,6.7581825399761914,False,False
Apixaban,Dyspepsia,37,1002,486,1.56241192448066,1.583975905004789,1.1258217063722573,2.2285763841953643,7.092657463882275,False,False
Amoxicillin,Anaphylactic reaction,35,984,468,1.5620834037439681,1.5828135608894254,1.114774135965431,2.2473599697985382,6.706418854336085,False,False
Amoxicillin,Rash,38,984,514,1.5427683268429324,1.5645708600564963,1.1171857437252555,2.191114584022047,6.897044160325641,False,False
Omeprazole,Diarrhoea,35,1005,465,1.5384125882216824,1.557839846559578,1.097225142801768,2.211820430337352,6.243925502027477,False,False
Omeprazole,Osteoporosis,39,1005,525,1.5167065905042687,1.5375674155867392,1.1025753060832852,2.1441742295791144,6.526502822543626,False,False
Omeprazole,QT prolongation,37,1005,501,1.5071517412935325,1.526536673553719,1.0854555283328657,2.1468536986342928,5.998166230318423,False,False
Fluoxetine,Headache,37,1004,502,1.5054877265133018,1.5248290355939553,1.0842630818090575,2.1444090708235053,5.966709589899916,False,False
Levothyroxine,Renal impairment,33,912,492,1.504758628597638,1.5237086112412352,1.0634125775113306,2.183242873997281,5.344159758895746,False,False
Amoxicillin,QT prolongation,36,984,501,1.4961447678992918,1.5149857084524296,1.0726219872984823,2.1397861725693135,5.638694918450672,False,False
Levothyroxine,Diarrhoea,31,912,465,1.4949874686716793,1.5124047348791958,1.0440485085110087,2.190863799371916,4.854739228234773,False,False
Glipizide,Renal impairment,37,1038,492,1.485515255457452,1.503461373791044,1.068995620236557,2.114504549589691,5.566649941281082,False,False
Levothyroxine,Bruising,31,912,468,1.484724396804368,1.5017805333548053,1.0367993339201325,2.1752953503895474,4.6905575698304665,False,False
Levofloxacin,Headache,38,1046,502,1.4840030988329929,1.5022492474001095,1.0727493339015604,2.103709347556942,5.68721001853651,False,False
Amoxicillin,Dizziness,33,984,463,1.4830969937606353,1.4998606118406572,1.0464284247494948,2.1497713572617827,4.937108128728156,False,False
Apixaban,Osteoporosis,38,1002,525,1.4794312811748167,1.4983300246236164,1.070296078489258,2.097543761776138,5.624238384990141,False,False
Amoxicillin,Myalgia,36,984,507,1.4770855988814664,1.4952027735225348,1.0587767813149906,2.111522818976865,5.287540563993738,False,False
Fluoxetine,Rash,37,1004,514,1.4676138214437846,1.4855059738671765,1.0566234629913438,2.0884715091861885,5.250820438210685,False,False
Omeprazole,Headache,36,1005,502,1.4601242713471272,1.477218671521014,1.0460421487761415,2.0861253115311187,4.970328522418479,False,False
Apixaban,Dizziness,33,1002,463,1.4550758947221836,1.4705738354093167,1.0261021828412562,2.1075750949114123,4.465350366186437,False,False
Sertraline,Renal impairment,33,945,492,1.4497008680015218,1.4659729388831555,1.0233427320670727,2.100055621831357,4.402991267497234,False,False
Apixaban,Photosensitivity reaction,36,1002,507,1.449178076967085,1.4659176326304546,1.0381527780258881,2.0699405243062303,4.777295539065776,False,False
Amoxicillin,Headache,35,984,502,1.4483557041137862,1.4648914782381093,1.0326733842514175,2.0780113787576653,4.635443607284257,False,False
Sertraline,Pruritus,33,945,493,1.4465493443754314,1.4627073798627002,1.0210889911399734,2.095324597238279,4.351810977121574,False,False
Fluoxetine,Bruising,33,1004,468,1.435334523973073,1.450129621080294,1.0119928760747976,2.077955258035879,4.1469969200724055,False,False
Fluoxetine,Osteoporosis,37,1004,525,1.4345323623538633,1.4511587298896367,1.0324676311071979,2.0396393997133058,4.648883629267107,False,False
Amoxicillin,Insomnia,35,984,508,1.429983327317417,1.445841511148934,1.0193961786767138,2.0506822755359675,4.323259694090965,False,False
Apixaban,Hypothyroidism,33,1002,471,1.4284991660514588,1.4430920169077004,1.0071548209111658,2.0677204001056153,4.039588288058226,False,False
Glipizide,Hyperkalaemia,33,1038,458,1.4184427065623935,1.4321826163301141,0.9993652320495758,2.0524498759192564,3.868642380418468,False,False
Omeprazole,Tendinitis,34,1005,491,1.4061639287152856,1.4203859406373451,0.996592905025372,2.024393521353509,3.8060576417890797,False,False
Sertraline,Photosensitivity reaction,33,945,507,1.403824258254638,1.4184363202309571,0.9905239612518852,2.031209413659713,3.677119131175962,False,False
Amoxicillin,Hyperkalaemia,31,984,458,1.4030007044801127,1.4161098564621522,0.9778161726538024,2.0508631189098376,3.424039760447781,False,False
Fluoxetine,Insomnia,35,1004,508,1.4000235843096955,1.4144723205850718,0.997398127836992,2.005951174221879,3.8218611762699095,False,False
Sertraline,Osteoporosis,34,945,525,1.3962865979159258,1.411076657552744,0.9905111619821346,2.010211908673208,3.672804702136261,False,False
Ibuprofen,Nausea,35,1049,488,1.395810579612245,1.409472680486435,0.9936126381481896,1.9993840262942875,3.737859246736343,False,False
Apixaban,Pneumonia,34,1002,496,1.3953305510191738,1.4092161282243927,0.9888655844833145,2.0082507948594266,3.6373841981302992,False,False
Naproxen,Renal impairment,33,988,492,1.3834775475642351,1.3967286041816378,0.975262476231565,2.000334106237036,3.354953758066489,False,False
Omeprazole,Rash,35,1005,514,1.3810384403660196,1.394787250069948,0.9836663236162896,1.97773515901777,3.5194885036829557,False,False
Glipizide,Hypothyroidism,33,1038,471,1.376342808879035,1.3887003339467048,0.969384950655459,1.9893940133893382,3.2341321330847994,False,False
Enalapril,Osteoporosis,36,1016,525,1.3755857204965944,1.3893827469638163,0.9844603915744566,1.9608553417506602,3.53130371718211,False,False
Levofloxacin,Anaphylactic reaction,33,1046,468,1.3746555020768771,1.386860469074446,0.9680597545153009,1.98684218790235,3.2070887541911843,False,False
Levothyroxine,Hypothyroidism,29,912,471,1.3732237834405019,1.3854814161922282,0.945840513579848,2.0294740255403245,2.827135708154213,False,False
Fluoxetine,Pruritus,33,1004,493,1.35732721288758,1.3694711861371065,0.9563422716706117,1.9610670627197015,2.9696959831185183,False,False
Omeprazole,Dizziness,31,1005,463,1.3562857011240095,1.36762538976348,0.9445812230336854,1.980135917500669,2.7712912580999824,False,False
Levothyroxine,Pruritus,30,912,493,1.3561441400477436,1.368257886307871,0.9400289449478823,1.9915659549690552,2.701721583427987,False,False
Omeprazole,Insomnia,34,1005,508,1.3557318890778176,1.368188000538833,0.9603774491797783,1.949169471250289,3.0383578677362797,False,False
Glipizide,Photosensitivity reaction,35,1038,507,1.3546054994938115,1.3669795697652805,0.9640703846163508,1.9382746052294602,3.103355264934345,False,False
Amoxicillin,Photosensitivity reaction,33,984,507,1.3454255428630235,1.3574119181674187,0.9481368739081053,1.9433556127694018,2.8072743928890653,False,False
Amoxicillin,Renal impairment,32,984,492,1.3443619653587842,1.3559371574716843,0.9420377961586708,1.9516898180831748,2.7056654416038586,False,False
Sertraline,Pneumonia,31,945,496,1.3442680776014109,1.3559445660102116,0.936985310518164,1.9622353151682406,2.627525266645346,False,False
Omeprazole,Hepatotoxicity,29,1005,437,1.3434177153448443,1.353621725329476,0.9237151298925812,1.983611306114499,2.4299961366849123,False,False
Fluoxetine,Anaphylactic reaction,31,1004,468,1.342173639537958,1.35307536906075,0.9346552418338386,1.9588109844296615,2.58562150512259,False,False
Atorvastatin,Dizziness,31,1017,463,1.3394356130958884,1.350107523852453,0.9325424266280405,1.9546460020634007,2.547003482700679,False,False
Fluoxetine,Hypothyroidism,31,1004,471,1.3330224556320174,1.3436326263664393,0.9282076923142919,1.9449834876234606,2.4674765031676817,False,False
Apixaban,Nausea,32,1002,488,1.3305319186189024,1.3414360643877736,0.9319650355927475,1.9308135456988194,2.516660999715817,False,False
Amoxicillin,Bruising,30,984,468,1.3236440583583917,1.333821544470291,0.9161928868717168,1.941818079998055,2.2750809528061477,False,False
Sertraline,Hypothyroidism,29,945,471,1.3229787641552346,1.3332040743741231,0.9103383016356958,1.9524973306451794,2.1975785836983226,False,False
Naproxen,Dyspepsia,31,988,486,1.3110557458735594,1.321131741821397,0.9129374786169746,1.9118385652127674,2.195208695130632,False,False
Omeprazole,Pneumonia,32,1005,496,1.3034825870646765,1.313463514902364,0.9127282501400238,1.8901424435093441,2.1689768217513654,False,False
Amoxicillin,Tendinitis,31,984,491,1.3023506539413219,1.31218577489849,0.9068474917878663,1.8987001931838932,2.089906768014697,False,False
Glipizide,Hepatotoxicity,29,1038,437,1.2984481846688578,1.307025981849628,0.8920679170721129,1.9150076855548288,1.8988231786185195,False,False
Sertraline,Rash,31,945,514,1.294171130610054,1.3041484884316203,0.901568579251885,1.8864935169876864,1.9992237144288882,False,False
Sertraline,Diarrhoea,28,945,465,1.2919738960928893,1.3008891295613745,0.8827184341160823,1.9171600614702944,1.7776137740162998,False,False
Apixaban,Hyperkalaemia,29,1002,458,1.2816837188094672,1.2900792253310238,0.8808708089603616,1.889385356741441,1.7210497424234812,False,False
Metformin,Pneumonia,31,991,496,1.2787756474941137,1.2877777777777777,0.8901226355922266,1.8630821626448189,1.8111506950549008,False,False
Sertraline,Hepatotoxicity,26,945,437,1.2755828473590032,1.2833795329208464,0.8586811134626113,1.9181311894451563,1.488414762932097,False,False
Apixaban,Renal impairment,31,1002,492,1.2749728309108463,1.2837515721654666,0.8873079415544646,1.8573237337988473,1.7660110012462606,False,False
Sertraline,Nausea,29,945,488,1.2739795506680038,1.2826535757437376,0.8761909586908445,1.8776731020214612,1.6473766690498524,False,False
Glipizide,Pruritus,32,1038,493,1.268048432869819,1.2765748243726363,0.8871860064294879,1.8368676584300347,1.7383379019989982,False,False
Sertraline,Insomnia,30,945,508,1.2655243408381482,1.2742300569312024,0.8759160174163877,1.8536734181161212,1.6136049150003005,False,False
Sertraline,Hyperkalaemia,27,945,458,1.2631753397414651,1.2709157909103317,0.8566671452586734,1.8854778737866862,1.4258153599205723,False,False
Glipizide,Pneumonia,32,1038,496,1.259849843864195,1.2681154452594776,0.8813721739066589,1.8245604185320579,1.6452000865749667,False,False
Fluoxetine,Diarrhoea,29,1004,465,1.2584615665777257,1.266149141378499,0.864703264003001,1.8539696968322612,1.4777470542721418,False,False
Sertraline,Haemorrhage,39,945,664,1.2582349206349204,1.2693509933774834,0.9122933048646122,1.7661556166166532,2.0123712795997024,False,False
Ciprofloxacin,Nausea,31,1025,488,1.2557506537866254,1.263726780816188,0.8734888865259817,1.8283064629518253,1.5499453035524768,False,False
Glipizide,Anaphylactic reaction,30,1038,468,1.2512207353445772,1.2586975429441183,0.864838462070387,1.8319253526499806,1.4501396398947553,False,False
Glipizide,QT prolongation,32,1038,501,1.2464186088549818,1.2542569741465917,0.871845893391606,1.8044020957368312,1.4968760168887199,False,False
Fluoxetine,Hepatotoxicity,27,1004,437,1.2459722087260714,1.2527698030306813,0.8442172298418268,1.8590383184664236,1.2575476528430456,False,False
Metformin,Osteoporosis,32,991,525,1.2450553971545124,1.2532324281335994,0.8713875926444434,1.8024028941693842,1.4884354058859965,False,False
Levothyroxine,QT prolongation,28,912,501,1.2389748154742035,1.2465441535208976,0.846402390068875,1.835855315284125,1.2498010749505057,False,False
Omeprazole,Nausea,30,1005,488,1.238023854526494,1.2453476654350017,0.855955815923562,1.8118818506198524,1.3207088069307382,False,False
Apixaban,Tendinitis,30,1002,491,1.2338446750750127,1.2410621033180687,0.8530585128670968,1.8055445447881382,1.2797647793104734,False,False
Simvastatin,Photosensitivity reaction,31,1003,507,1.2334990825841803,1.2409460697859391,0.8580311202839596,1.7947450992308227,1.3199075905193784,False,False
Glipizide,Tendinitis,31,1038,491,1.2310924017759908,1.2382064677690947,0.8559703816363183,1.7911312000005857,1.291557370165465,False,False
Omeprazole,Myalgia,31,1005,507,1.2309147539612861,1.2382641968491708,0.8561861742758236,1.7908467425270105,1.2935624126351906,False,False
Omeprazole,Hyperkalaemia,28,1005,458,1.2307300705773458,1.2373426007474233,0.8397219169291336,1.823242529173624,1.1637711360324061,False,False
Levothyroxine,International normalised ratio increased,37,912,667,1.229211918685603,1.2389043083900226,0.8832159069136887,1.7378354186473628,1.5452359904307718,False,False
Levothyroxine,Nausea,27,912,488,1.2258248658522661,1.23271443803081,0.8313643765699742,1.8278205424185807,1.0876475126046345,False,False
Amoxicillin,Hypothyroidism,28,984,471,1.2214575418891886,1.227943746044939,0.8335325195709942,1.8089826228098955,1.0829126212723144,False,False
Levofloxacin,Insomnia,32,1046,508,1.2181821103202275,1.2250675418096233,0.8517322071022562,1.762045006025342,1.2022446979940535,False,False
Fluoxetine,Pneumonia,30,1004,496,1.2180462698561976,1.2247622740612139,0.8419640759265369,1.7815993233593468,1.1281460815252753,False,False
Apixaban,Rash,31,1002,514,1.2168995342648037,1.2238242361826297,0.8463219276175372,1.7697116335910958,1.1558873666656353,False,False
Enalapril,Tendinitis,30,1016,491,1.2159461629118486,1.2225165329801604,0.8403737241552157,1.7784309890367194,1.1074198697327193,False,False
Metformin,Nausea,29,991,488,1.2119115613506306,1.2182997477115125,0.832448849880238,1.7829975685442656,1.035994486029011,False,False
Fluoxetine,QT prolongation,30,1004,501,1.205115842363032,1.2114335787807844,0.8328984455873533,1.7620051082730734,1.0099310077773718,False,False
Ibuprofen,Pneumonia,31,1049,496,1.2043851286939942,1.2106090373280942,0.8370406658855921,1.750899688618918,1.0336475483978906,False,False
Omeprazole,Bruising,28,1005,468,1.202758932609679,1.2085698334418908,0.8204100777311958,1.7803792054152865,0.9213603873051586,False,False
Levofloxacin,QT prolongation,31,1046,501,1.195179203449819,1.2011403416832618,0.8305801513808051,1.737024558100131,0.9507657689631608,False,False
Sertraline,QT prolongation,28,945,501,1.1936418448046355,1.1995545728902732,0.8146606928737222,1.7662950795700287,0.851772256455841,False,False
Sertraline,Anaphylactic reaction,26,945,468,1.1861188920012449,1.1913844972156435,0.7977800263105467,1.7791834508191262,0.7343206443800024,False,False
Fluoxetine,Renal impairment,29,1004,492,1.185073959023517,1.1905787229329345,0.8136413547687881,1.7421406706931961,0.8086792702702368,False,False
Naproxen,QT prolongation,29,988,501,1.1822977424003294,1.1878103957158763,0.8118481792179391,1.7378785495704796,0.7876905720860936,False,False
Clozapine,Hypothyroidism,28,1015,471,1.1822215303183623,1.1873909354337768,0.8061360945930786,1.7489568362051664,0.757515206703342,False,False
Omeprazole,Pruritus,29,1005,493,1.181281094527363,1.1866675204918034,0.8109917642340869,1.736367576457538,0.7785031008758556,False,False
Atorvastatin,Hypothyroidism,28,1017,471,1.1797723131149689,1.1848619235974958,0.8044272652881284,1.7452140654236927,0.7388193371528909,False,False
Amoxicillin,Nausea,28,984,488,1.176316719688936,1.181480807713298,0.8023250703268039,1.7398146345175143,0.7149686086588014,False,False
Enalapril,Myalgia,30,1016,507,1.1751597088099837,1.1804891117149527,0.8117861219948017,1.7166523362744575,0.7560569734404968,False,False
Atorvastatin,Myalgia,30,1017,507,1.1739423511004743,1.1792293526536803,0.8109240866596582,1.7148113973134949,0.7463574782987158,False,False
Sertraline,Tendinitis,27,945,491,1.1733374384236452,1.1784355983772818,0.7949692364446996,1.7468732069853183,0.669818379015528,False,False
Metformin,Dyspepsia,28,991,486,1.1726763579640345,1.177697062037755,0.7997480302005852,1.7342591885903025,0.6876358739019844,False,False
Amoxicillin,Hepatotoxicity,25,984,437,1.1726458284000314,1.1771465017159866,0.7820720444817048,1.7717982585869052,0.612485263073509,False,False
Ibuprofen,Pruritus,30,1049,493,1.170568699594595,1.1755903492391855,0.808290524774476,1.7097969441246514,0.7179539808737103,False,False
Levothyroxine,Tendinitis,26,912,491,1.1702697604225618,1.1752663899609215,0.7872562623158541,1.7545126707643854,0.6253582196000788,False,False
Ciprofloxacin,Hypothyroidism,28,1025,471,1.1700710235093321,1.1748473411204268,0.7976601670930166,1.730393884363015,0.6667135277017692,False,False
Naproxen,Osteoporosis,30,988,525,1.1662372715004294,1.1714430315682924,0.8057581457972217,1.703090168393111,0.68831869749217,False,False
Apixaban,QT prolongation,29,1002,501,1.164920159680639,1.16983556012333,0.7996230791344239,1.7114503988684966,0.6542914711974328,False,False
Glipizide,Bruising,28,1038,468,1.162497810474689,1.167002700270027,0.7923241990427391,1.7188611733466337,0.6122813321133521,False,False
Ciprofloxacin,Insomnia,30,1025,508,1.1618532503316665,1.1667332478291037,0.8023823302998762,1.696530968074907,0.6530562728120386,False,False
Metformin,Insomnia,29,991,508,1.1613098260123997,1.1661725962352267,0.7971966796624548,1.7059259764928227,0.6286616048061598,False,False
Apixaban,Anaphylactic reaction,27,1002,468,1.1608212147134302,1.1652747252747253,0.7859037791288744,1.727775360578105,0.5804450612268698,False,False
Amoxicillin,Pneumonia,28,984,496,1.1562087415745952,1.1607838930014662,0.7884154630872829,1.7090218410676592,0.5717457357350085,False,False
Levothyroxine,Depression,36,912,688,1.1556344849854696,1.1620304227245988,0.8251653517154669,1.6364171138915253,0.740552025125137,False,False
Simvastatin,Nausea,28,1003,488,1.152880488967879,1.1572709030100334,0.7859638107719239,1.7039918690891203,0.5484588973235512,False,False
Sertraline,Dizziness,25,945,463,1.1509144500012078,1.1550153861425452,0.7677290317782267,1.7376710883735105,0.47909744538882487,False,False
Levothyroxine,Lactic acidosis,34,912,653,1.1496187965875917,1.1554126907606876,0.8127245205883601,1.6425965405896874,0.6487706693732216,False,False
Simvastatin,Hepatotoxicity,25,1003,437,1.149282734321308,1.1530987551372922,0.7661679303932122,1.735437736759326,0.46724278996665103,False,False
Clozapine,QT prolongation,29,1015,501,1.1492130750605327,1.1536016949152543,0.7885804678231176,1.687585382611647,0.5429166114312008,False,False
Glipizide,Osteoporosis,31,1038,525,1.1463613457833113,1.150867007868001,0.7962125532564845,1.6634940813001535,0.5597745162593174,False,False
Amoxicillin,Diarrhoea,26,984,465,1.1445450673185547,1.1484680023397265,0.7691479576100356,1.7148569912304639,0.45874901930337786,False,False
Omeprazole,International normalised ratio increased,38,1005,667,1.1418424570312191,1.1474164108752587,0.8218234273596551,1.6020040024603626,0.653198918186717,False,False
Apixaban,Pruritus,28,1002,493,1.1416822269439615,1.1457552273078537,0.7782291120988735,1.6868490531827944,0.4760900282554173,False,False
Omeprazole,Renal impairment,28,1005,492,1.140547263681592,1.144575230296827,0.777421880430149,1.6851242430740179,0.46887778896338217,False,False
Ciprofloxacin,QT prolongation,29,1025,501,1.1374018189334436,1.1414024743039957,0.780281314789845,1.6696537308447141,0.4651478014362059,False,False
Atorvastatin,Hepatotoxicity,25,1017,437,1.1326264188408703,1.135968818509239,0.7548371088161048,1.7095412262510437,0.3742171846123421,False,False
Naproxen,Anaphylactic reaction,26,988,468,1.1319361752798285,1.135502017854959,0.7605365085246123,1.6953358821050701,0.38666858116723385,False,False
Glipizide,Dizziness,27,1038,463,1.1312642520019092,1.1347698254975092,0.7653690811570211,1.6824595983326192,0.3964334155031524,False,False
Glipizide,Diarrhoea,27,1038,465,1.1260986618101196,1.129466281858461,0.7618308897490372,1.6745108383245217,0.36765968858774717,False,False
Fluoxetine,Dizziness,26,1004,463,1.1256940202576422,1.1290355790783975,0.7561731232663087,1.685753301199997,0.3525776576937273,False,False
Simvastatin,Headache,28,1003,502,1.118829166508912,1.1222416964189117,0.7624165615568113,1.6518875489922722,0.3422590242836575,False,False
Omeprazole,Haemorrhage,37,1005,664,1.1153403635728851,1.119749034494576,0.7987324192708614,1.5697846612963646,0.4310421661287831,False,False
Levothyroxine,Rash,26,912,514,1.1151136036813345,1.1184916552566333,0.7495896079593919,1.66894467265146,0.3010728088178812,False,False
Levothyroxine,Pneumonia,25,912,496,1.1109248705628187,1.1140512761592907,0.7409171732547818,1.6750998501763155,0.26962410617260674,False,False
Fluoxetine,Nausea,27,1004,488,1.108131465461365,1.1111197454689974,0.7497469545160229,1.646671695476297,0.2758582436080802,False,False
Quetiapine,Bruising,26,1010,468,1.1059988351776353,1.1087996174079389,0.7427342794802777,1.6552845688289488,0.25543509165402817,False,False
Glipizide,Insomnia,29,1038,508,1.1059850925780668,1.1090312448920054,0.7583197256461555,1.6219415907962633,0.2849598580535811,False,False
Enalapril,Headache,28,1016,502,1.1037575999202631,1.1066980987034285,0.7519069963921987,1.6288991691133718,0.2645079399147291,False,False
Atorvastatin,Anaphylactic reaction,26,1017,468,1.097981375441032,1.1005520270671336,0.7372348926925123,1.6429156789608885,0.21984932383480096,False,False
Metformin,Dizziness,25,991,463,1.0948421639504398,1.0972966712990537,0.7295410456364276,1.6504348755231466,0.1989100111822878,False,False
Levothyroxine,Dizziness,23,912,463,1.0940590111642743,1.0964924838940586,0.7171412128508373,1.6765118859320605,0.1809388020229674,False,False
Simvastatin,Hyperkalaemia,25,1003,458,1.0935438488230458,1.0959350515025716,0.7285888610735215,1.648492999662734,0.19356092163718366,False,False
Ciprofloxacin,Bruising,26,1025,468,1.0889526542324248,1.0912677383265619,0.7310437974529225,1.6289930656159608,0.18270139749012584,False,False
Isotretinoin,Pneumonia,26,969,496,1.0864589508815843,1.088842760768033,0.7296832284093521,1.6247852650545545,0.17382107732524557,False,False
Enalapril,Hepatotoxicity,24,1016,437,1.0858134258641399,1.0878895571350464,0.7173215903778168,1.6498927460138628,0.1572641277343705,False,False
Levothyroxine,Myalgia,25,912,507,1.0855718133508043,1.0879836457451337,0.7237455555485798,1.6355311674579518,0.1644876562389129,False,False
Levofloxacin,Pneumonia,28,1046,496,1.084130019120459,1.0864440078585462,0.7381560089947762,1.5990665493858955,0.17686794120313695,False,False
Sertraline,Weight increased,36,945,708,1.080215419501134,1.0833922677982084,0.7696994949846184,1.5249312407933966,0.2110068743706151,False,False
Amoxicillin,Pruritus,26,984,493,1.0759213801988128,1.0779818769474234,0.7224149122231901,1.6085561183267438,0.1352790275220086,False,False
Atorvastatin,Rash,28,1017,514,1.0753891660698172,1.077523540842269,0.7322785593983694,1.5855400464314704,0.14361199020809925,False,False
Metformin,Tendinitis,26,991,491,1.0725215108015147,1.074475458242799,0.7200593574732633,1.603336583830092,0.12378484302907851,False,False
Metformin,Renal impairment,26,991,492,1.0702199624950737,1.0721118993084124,0.7184913216561061,1.5997742630896303,0.11632138096968993,False,False
Fluoxetine,Dyspepsia,26,1004,486,1.06940931924476,1.0712545567706944,0.7178677173382354,1.5986041685466574,0.11362403580091943,False,False
Omeprazole,Dyspepsia,26,1005,486,1.0682889898334416,1.0701025891548608,0.7170993460881588,1.5968771378229063,0.11010099147813054,False,False
Clozapine,International normalised ratio increased,36,1015,667,1.0671309126962443,1.0695994651549416,0.7598230141529101,1.5056703923810144,0.14878672129652137,False,False
Apixaban,Insomnia,27,1002,508,1.0642872259638727,1.066067487605949,0.7196566529541543,1.5792251533633235,0.10186130685325442,False,False
Isotretinoin,Bruising,24,969,468,1.061612696287619,1.063177463177463,0.7014121775815826,1.611529360818651,0.08336926342971945,False,False
Levofloxacin,Nausea,27,1046,488,1.061285010970415,1.0629088532630562,0.717363196989121,1.5748999043815157,0.09252297351375142,False,False
Levothyroxine,Hepatotoxicity,21,912,437,1.0565536437246963,1.057886557886558,0.6789423878034235,1.6483342172489213,0.061866473352706806,False,False
Clozapine,Osteoporosis,28,1015,525,1.053770901269687,1.0552963169085434,0.7173281453028403,1.5524977289307085,0.07468890216682969,False,False
Naproxen,Dizziness,24,988,463,1.0520044635858088,1.053299180521555,0.6948796398009864,1.5965918414376377,0.05988672308471324,False,False
Ibuprofen,Tendinitis,27,1049,491,1.0512413300023011,1.0525950637694852,0.7104609809786921,1.5594893990457104,0.06533315026849684,False,False
Metformin,QT prolongation,26,991,501,1.0499421105741142,1.0512877011180801,0.7046731208439241,1.5683950442135943,0.060064147480342625,False,False
Isotretinoin,Rash,26,969,514,1.0463846453162802,1.0476635432783408,0.7023515679685162,1.5627485578044997,0.05209481143968483,False,False
Levofloxacin,Hyperkalaemia,25,1046,458,1.0462158713056227,1.0473475038057602,0.6964280736172742,1.5750898553394397,0.049383788051111856,False,False
Enalapril,Renal impairment,26,1016,492,1.0425129262275692,1.0436294273204145,0.6994909918166985,1.5570784960938442,0.043769537779838934,False,False
Naproxen,Nausea,25,988,488,1.0390342861639894,1.0400476373105105,0.6918696593050736,1.5634434511287187,0.03565266435914866,False,False
Glipizide,Dry skin,36,1038,669,1.0389283072624167,1.0403269290802282,0.7391462099383075,1.4642300871160931,0.05140451043429464,False,False
Levothyroxine,Insomnia,24,912,508,1.0378425402348845,1.0388653115925843,0.6857473374130338,1.5738174641724019,0.0323739415784931,False,False
Metformin,Photosensitivity reaction,26,991,507,1.0368451195898218,1.037837837837838,0.6957454210368277,1.548134339199487,0.033136591278593336,False,False
Metformin,Myalgia,26,991,507,1.0368451195898218,1.037837837837838,0.6957454210368277,1.548134339199487,0.033136591278593336,False,False
Apixaban,Headache,26,1002,502,1.0356346131266876,1.0365838958534233,0.6948708409177579,1.5463394200330747,0.031006593270374902,False,False
Clozapine,Hyperkalaemia,24,1015,458,1.034346552859186,1.0351783563593075,0.682931187201813,1.5691101088316393,0.02654585519511835,False,False
Glipizide,Dyspepsia,26,1038,486,1.03252911116696,1.0333648393194708,0.6925909583293559,1.5418088819951816,0.025847627944680204,False,False
Levothyroxine,Sedation,33,912,702,1.0324128707418772,1.0336297361963502,0.7240319620921403,1.4756122484733254,0.03316669703137687,False,False
Naproxen,Pruritus,25,988,493,1.0279334925083914,1.0286586610574149,0.684367757141817,1.5461550166939886,0.018469873241638707,False,False
Naproxen,Rash,26,988,514,1.025237273511648,1.0259193619849358,0.6878433340612871,1.5301602635023845,0.015739750011199892,False,False
Apixaban,Myalgia,26,1002,507,1.0248691805578032,1.0255316792202038,0.6875340859490551,1.529691758674698,0.015272716681360016,False,False
Warfarin,Diarrhoea,23,969,465,1.0219823580777871,1.02251681287249,0.6689945381202902,1.5628537649120817,0.010583245963470926,False,False
Omeprazole,Anaphylactic reaction,24,1005,468,1.0216485141858276,1.0221781414441964,0.6744842643034801,1.5491067889112213,0.010695136214343781,False,False
Omeprazole,Photosensitivity reaction,26,1005,507,1.0216485141858276,1.0222234491897413,0.6853264992302653,1.5247342416308318,0.01160957868209659,False,False
Ibuprofen,Anaphylactic reaction,25,1049,468,1.0195133707906272,1.0199897714446953,0.6784122550183855,1.533550029728762,0.009050088581824085,False,False
Fluoxetine,International normalised ratio increased,34,1004,667,1.0162572458979247,1.0168270875067182,0.7158035157436755,1.444442927628259,0.00868116142791862,False,False
Atorvastatin,Diarrhoea,24,1017,465,1.01581950380939,1.016201848312336,0.6705314236473372,1.540071292850451,0.005740934952573175,False,False
Fluoxetine,Dry skin,34,1004,669,1.0130564356746241,1.0135140839353844,0.7134907032851218,1.4396975231853755,0.005618466897069233,False,False
Glipizide,Rash,27,1038,514,1.0127951003548918,1.013136809266447,0.6841328351158368,1.5003609556568063,0.004244267081270889,False,False
Atorvastatin,Osteoporosis,27,1017,525,1.0119948821836016,1.0123220153340635,0.6836642589976497,1.4989753365672769,0.003739383348552627,False,False
Levothyroxine,Agranulocytosis,36,912,781,1.011374072765807,1.0118415004137171,0.7192876009470073,1.4233850557294834,0.004571167519556544,False,False
Levofloxacin,Renal impairment,26,1046,492,1.0110127278247811,1.0112934444163932,0.6779142616598816,1.5086191404432818,0.0030286186995537047,False,False
Omeprazole,Cough,36,1005,711,1.0080265339966832,1.0083247334021328,0.716667825468928,1.4186750567813278,0.0022648585850062156,False,False
Levothyroxine,Headache,23,912,502,1.0049811376039264,1.0051100084305746,0.6579248763185735,1.5355037716466264,0.00055577464489936,False,False
Enalapril,Pruritus,25,1016,493,0.9981324449828387,0.9980853320913866,0.6641188832427658,1.4999939849200556,8.50231303888034e-05,False,False
Naproxen,Photosensitivity reaction,25,988,507,0.9980765030994339,0.9980265680812468,0.6641823996803938,1.4996739315515384,9.039607018329633e-05,False,False
Glipizide,Headache,26,1038,502,0.9978222502873981,0.9977663001959677,0.6689663580507177,1.4881728771946305,0.00012019302328461342,False,False
Atorvastatin,Pruritus,25,1017,493,0.9970984712872619,0.9970253480838158,0.6634167502046169,1.4983937990939442,0.00020544432485347715,False,False
Fluoxetine,Haemorrhage,33,1004,664,0.9894936892682833,0.9891366261847132,0.6929314994968803,1.4119595746050826,0.003618478793538481,False,False
Atorvastatin,Hyperkalaemia,23,1017,458,0.9869211903389504,0.986618561946391,0.6455500950796867,1.5078863657467294,0.003874954137040709,False,False
Ibuprofen,Headache,26,1049,502,0.9867861348543231,0.9864502985945112,0.6614130504238351,1.4712201263244586,0.004474589663660967,False,False
Glipizide,Nausea,25,1038,488,0.9863835170642996,0.9860474735565083,0.6561052351825271,1.4819110837252871,0.0045699712923769325,False,False
Simvastatin,Dyspepsia,24,1003,486,0.9839054265774106,0.9835108711513206,0.649226560148746,1.4899169150615317,0.00615610796822235,False,False
Levofloxacin,Myalgia,26,1046,507,0.9794842643791019,0.9789613142554319,0.6564515033202355,1.459917830885376,0.0108752312916174,False,False
Enalapril,Dizziness,23,1016,463,0.9767179670722977,0.9761787054838414,0.6387918440828516,1.4917611642463513,0.012417788598119501,False,False
Lisinopril,Diarrhoea,23,1012,465,0.9763471822295353,0.9757971166999895,0.6385601210153514,1.491136044396236,0.012825527229797047,False,False
Ibuprofen,Insomnia,26,1049,508,0.9745024900221115,0.9738544594654888,0.6530495810359973,1.4522519204687188,0.016886624821195757,False,False
Glipizide,Cough,36,1038,711,0.9742838792549774,0.9733599467731204,0.6919485127214952,1.3692197736734009,0.02405372554112952,False,False
Omeprazole,Lactic acidosis,32,1005,653,0.9739386801900322,0.9730815761469499,0.6781493966365008,1.3962819380700262,0.02193845090236321,False,False
Naproxen,Hyperkalaemia,22,988,458,0.9709727742079263,0.9703116986722891,0.6292158855166944,1.4963144037712366,0.018599817737660607,False,False
Amoxicillin,Cough,34,984,711,0.9705419653901118,0.9694876778356526,0.6827809270017191,1.3765855493394585,0.030013143526753733,False,False
Enalapril,Photosensitivity reaction,25,1016,507,0.9691410461659098,0.9683625659985513,0.6445300913606641,1.4548988042554694,0.023961048058296266,False,False
Warfarin,Anaphylactic reaction,22,969,468,0.968781092800585,0.9680558383566703,0.6278384650491201,1.4926325135289658,0.021597560821311982,False,False
Sertraline,Headache,23,945,502,0.9682097844937094,0.9674167530873702,0.6333669505721464,1.4776507888652497,0.02349725006044543,False,False
Levofloxacin,Pruritus,25,1046,493,0.9679732313575526,0.9671890303623898,0.6436504291295336,1.4533581865523484,0.02578346919824437,False,False
Naproxen,Headache,24,988,502,0.9661714634187658,0.9653292591885276,0.6373914100205066,1.461991115656063,0.02776435354540442,False,False
Atorvastatin,Insomnia,25,1017,508,0.966132680253496,0.9652791691711747,0.6424939089105263,1.4502298955888635,0.028954888934193727,False,False
Levofloxacin,Rash,26,1046,514,0.9654342851769426,0.9645531983285117,0.6468826738836886,1.438225059917192,0.03135492135791718,False,False
Amoxicillin,Lactic acidosis,31,984,653,0.9631532167411706,0.9619546330255109,0.6667697962977853,1.3878203858921838,0.04302878085725087,False,False
Ciprofloxacin,Dyspepsia,24,1025,486,0.9616724738675958,0.9607535321821036,0.6342698513945872,1.4552912259204152,0.03571864986278375,False,False
Amoxicillin,Dyspepsia,23,984,486,0.9599992976171662,0.9590419446985344,0.6278037083832556,1.4650462229026204,0.037430064204302296,False,False
Clozapine,Pruritus,24,1015,493,0.9571565116010378,0.9561189296418298,0.6312751118028873,1.4481220477845822,0.04489142256636446,False,False
Clozapine,Rash,25,1015,514,0.9562593812646701,0.955154820185495,0.6358251776407539,1.4348609690304739,0.04884129625220314,False,False
Fluoxetine,Cough,34,1004,711,0.9502080305072177,0.9484627449786048,0.6680529289491814,1.3465723143035284,0.08758267002959456,False,False
Omeprazole,Dry skin,32,1005,669,0.9494755422260752,0.9478138951050418,0.660682126698253,1.359732832858193,0.08475366908057769,False,False
Simvastatin,Diarrhoea,22,1003,465,0.9405958197641837,0.9392636159260717,0.6092227277399851,1.4481011624028692,0.08050465702956845,False,False
Quetiapine,Dizziness,22,1010,463,0.9379672661143664,0.9365859704205569,0.6074777944477097,1.4439923368493153,0.08800484035799659,False,False
Ibuprofen,Photosensitivity reaction,25,1049,507,0.9370216250212611,0.9354840670383817,0.6227418510740651,1.4052860558083624,0.10321996023428415,False,False
Ibuprofen,Bruising,23,1049,468,0.9337367851672539,0.9322513524760716,0.6102064886825801,1.4242598207531567,0.10530422838258438,False,False
Fluoxetine,Sedation,33,1004,702,0.9332892644667964,0.9310220613024343,0.652536581508619,1.3283578318748777,0.15541603575101418,False,False
Clozapine,Dyspepsia,23,1015,486,0.9291619232037792,0.92751950811677,0.6072579130105205,1.4166837837850799,0.12128256474160447,False,False
Simvastatin,Pruritus,23,1003,493,0.9268598459939331,0.9251432913590968,0.6057566766850907,1.4129272404069375,0.1297525672720538,False,False
Amoxicillin,Osteoporosis,24,984,525,0.9257582396183244,0.9239021956087824,0.6102967359596798,1.3986561237435862,0.14003646190438754,False,False
Clozapine,Nausea,23,1015,488,0.9251655278351607,0.9234304543877905,0.6046062166555096,1.4103788227779719,0.1359794037242546,False,False
Fluoxetine,Depression,32,1004,688,0.9229423768341269,0.9204055003512998,0.6417283994477322,1.3201009738792544,0.203294090090183,False,False
Enalapril,Anaphylactic reaction,22,1016,468,0.921683556371597,0.9199501944401837,0.5967710940989571,1.4181456987764156,0.14286276218743094,False,False
Glipizide,International normalised ratio increased,32,1038,667,0.9205831929968292,0.9180570122571656,0.6400375293808943,1.316842589792849,0.21591877952458813,False,False
Warfarin,Hypothyroidism,21,969,471,0.9165256277949777,0.914676511954993,0.5876652193841666,1.4236560101325841,0.156214952624133,False,False
Apixaban,Agranulocytosis,36,1002,781,0.9161917775187879,0.9130684897244571,0.6494608679768474,1.2836709770132313,0.2739642015525921,False,False
Levofloxacin,Hepatotoxicity,21,1046,437,0.9147347036328872,0.9129878048780488,0.5863193860623157,1.4216598524126682,0.16243334397623224,False,False
Sertraline,Myalgia,22,945,507,0.9146566301205477,0.9126224436228793,0.5922884311649825,1.406206302165973,0.17194488503460464,False,False
Ciprofloxacin,Tendinitis,23,1025,491,0.9097873671044403,0.9077166180459594,0.5943819351372434,1.3862289715896958,0.2010397788970589,False,False
Atorvastatin,Cough,33,1017,711,0.9085067133074024,0.9054383408878337,0.634719942321764,1.29162254797111,0.30063852543060415,False,False
Naproxen,Bruising,21,988,468,0.9040295628073798,0.9019454064671057,0.5795001912998083,1.403805431750479,0.20924570803177106,False,False
Quetiapine,Hyperkalaemia,21,1010,458,0.9035276525364208,0.9014792002646965,0.579129689226637,1.4032517476268567,0.2112323761299068,False,False
Naproxen,Tendinitis,22,988,491,0.9026527282615263,0.9004357096505052,0.5843216793261949,1.3875652673862067,0.22617046353981438,False,False
Glipizide,Sedation,33,1038,702,0.9011033636607134,0.8978560114227071,0.6294092848109114,1.2807968307777289,0.3537602805294756,False,False
Ciprofloxacin,Pneumonia,23,1025,496,0.9001701644923426,0.897878661282087,0.5880001583355499,1.3710644103698562,0.2490059382677983,False,False
Simvastatin,Dizziness,21,1003,463,0.8998727798504939,0.8977315663849748,0.5767689082656591,1.397304802208259,0.22864193926591936,False,False
Simvastatin,Insomnia,23,1003,508,0.898194077561131,0.8958047548916473,0.5867217061304919,1.3677117285788793,0.2599892281982538,False,False
Enalapril,Hyperkalaemia,21,1016,458,0.8979080704156833,0.8957533663742051,0.5754664770573812,1.394302058173085,0.2380384917856491,False,False
Clozapine,Hepatotoxicity,20,1015,437,0.8970951317763524,0.8950266922140679,0.5688897245762397,1.408133677176833,0.2303098413665889,False,False
Simvastatin,Anaphylactic reaction,21,1003,468,0.889807088800712,0.887450621249607,0.5702262905751351,1.381150988955569,0.2802694087343884,False,False
Ciprofloxacin,Hyperkalaemia,21,1025,458,0.889602053915276,0.8872929335290417,0.5700533986597937,1.381078951097394,0.28094573959607927,False,False
Clozapine,Dizziness,21,1015,463,0.8886721797472305,0.8863201835447072,0.569467704054927,1.3794697437011343,0.2862190390890535,False,False
Simvastatin,Tendinitis,22,1003,491,0.8884519150437812,0.8859503270019496,0.574961964518837,1.3651476625444607,0.30171668545637526,False,False
Fluoxetine,Tendinitis,22,1004,491,0.8875202813479558,0.8850003691174618,0.5743481043641767,1.3636776153463614,0.30709954633327075,False,False
Atorvastatin,Photosensitivity reaction,23,1017,507,0.887005615283974,0.8843910570863196,0.5792726102778123,1.3502235872660182,0.3242678598931223,False,False
Ibuprofen,Hypothyroidism,22,1049,471,0.8851828340067218,0.8827232647254637,0.5727420118618198,1.360473556941675,0.3198738723208204,False,False
Quetiapine,Tendinitis,22,1010,491,0.8819692203761953,0.8793410046355844,0.5706909216892628,1.3549201030650753,0.34028761333244717,False,False
Apixaban,Lactic acidosis,29,1002,653,0.8811575566815089,0.8776154900255619,0.601449537169658,1.2805878144944771,0.4591719440844289,False,False
Ciprofloxacin,Myalgia,23,1025,507,0.8797117516629712,0.876950644166213,0.5744200539381396,1.3388154313748173,0.37052930253003746,False,False
Clozapine,Tendinitis,22,1015,491,0.8773934689676179,0.8746771107775753,0.5676768793224799,1.347703378427712,0.36909811803117204,False,False
Simvastatin,QT prolongation,22,1003,501,0.8699038583622826,0.866986309824026,0.5627659734785928,1.3356622412262364,0.4197548286337513,False,False
Sertraline,Sedation,29,945,702,0.86888055535901,0.8647293939020355,0.592777391046554,1.2614464316157705,0.5701219573881761,False,False
Apixaban,Weight increased,31,1002,708,0.8681868169127033,0.8639785690489483,0.5993295784353599,1.2454899518301963,0.614998923667992,False,False
Ciprofloxacin,Rash,23,1025,514,0.8671700362624808,0.864121045078885,0.5660920685895324,1.3190525392957813,0.45881895527606154,False,False
Fluoxetine,Weight increased,31,1004,708,0.8663661454624633,0.8621085406416373,0.5980389965909895,1.2427803873725711,0.6334339913295326,False,False
Metformin,Diarrhoea,20,991,465,0.8620959421308633,0.8592554877978222,0.5464451365796803,1.3511328839560726,0.43226704198552407,False,False
Omeprazole,Depression,30,1005,688,0.8617248105974686,0.857470189385083,0.591373269027509,1.2433012518357305,0.6592974254061146,False,False
Levofloxacin,Dizziness,21,1046,463,0.8609267798897761,0.8580774748923959,0.551394176667222,1.3353368317527246,0.46105580663214013,False,False
Lisinopril,Headache,22,1012,502,0.859963768115942,0.8568518518518519,0.556221228134841,1.3199695712511748,0.49204045230766924,False,False
Levothyroxine,Photosensitivity reaction,20,912,507,0.8595410497496306,0.8563917459323579,0.5448614585322679,1.3460427619099768,0.452412425776239,False,False
Levofloxacin,Dyspepsia,22,1046,486,0.8591596887980484,0.856133822737069,0.555660398797189,1.3190882848966758,0.49701345632388577,False,False
Warfarin,Osteoporosis,22,969,525,0.8589987423241768,0.8557231059262167,0.5556106717019618,1.3179409095453942,0.5009995509849259,False,False
Levothyroxine,Hyperkalaemia,18,912,458,0.8562200956937798,0.8533251982916412,0.5300951129085589,1.3736476272043592,0.42729878127542387,False,False
Naproxen,Hypothyroidism,20,988,471,0.8533443450003142,0.8503142694837917,0.540820223763192,1.3369218182276186,0.49432085531144987,False,False
Quetiapine,Insomnia,22,1010,508,0.8511184451778511,0.8478032688559004,0.5504052865254796,1.3058929488488416,0.5624198231621435,False,False
Naproxen,Pneumonia,21,988,496,0.85073939910505,0.8474979589615196,0.5448295684254848,1.3183072873956463,0.5400467545097266,False,False
Amoxicillin,Depression,29,984,688,0.8504262432609152,0.8458842129515608,0.5798970812795782,1.2338742939382326,0.75678386983714,False,False
Levofloxacin,Tendinitis,22,1046,491,0.8500002038428454,0.8467775519722814,0.5496439403913626,1.3045394842588856,0.5702579207311704,False,False
Warfarin,Myalgia,21,969,507,0.8486348405509052,0.8452818148669062,0.5434685533283928,1.3147059607567595,0.557609167537413,False,False
Isotretinoin,Photosensitivity reaction,21,969,507,0.8486348405509052,0.8452818148669062,0.5434685533283928,1.3147059607567595,0.557609167537413,False,False
Ciprofloxacin,Osteoporosis,23,1025,525,0.8481683024001555,0.8446831436728137,0.5534702636331323,1.2891200486932097,0.6138575993884414,False,False
Ibuprofen,Rash,23,1049,514,0.8462583898155357,0.842811940464422,0.5521906874581705,1.2863888926834055,0.6298445413136169,False,False
Simvastatin,Bruising,20,1003,468,0.8455437259649623,0.8424011771544834,0.5357893113970609,1.3244753640584703,0.5531214153152504,False,False
Amoxicillin,Dry skin,28,984,669,0.8441586443945563,0.839594253226196,0.5719003847000187,1.2325896762951252,0.7985589480971944,False,False
Atorvastatin,Dyspepsia,21,1017,486,0.8429663463063406,0.839655395776655,0.5397521203578893,1.3061943752798566,0.602413794010263,False,False
Enalapril,Diarrhoea,20,1016,465,0.8397770503406176,0.8365597220342043,0.5320699285806544,1.3153011116354798,0.5990169028605913,False,False
Omeprazole,Hypothyroidism,20,1005,471,0.8381595349196369,0.8348734341058224,0.5310395626647537,1.312545618028981,0.6128908903878828,False,False
Lisinopril,Anaphylactic reaction,20,1012,468,0.8376270468661774,0.8343533986175116,0.5306914447140695,1.3117708994906965,0.6170525100360069,False,False
Metformin,Headache,21,991,502,0.83745182736101,0.8339327432110937,0.5361775368459124,1.297040201069516,0.6511858157255426,False,False
Warfarin,Rash,21,969,514,0.8365852586363893,0.8329653118340309,0.5356177439773865,1.2953850362882258,0.6599068654661855,False,False
Glipizide,Weight increased,31,1038,708,0.8364881902761532,0.8314545595895203,0.5768793769059983,1.1983730262121195,0.9822188938301448,False,False
Fluoxetine,Agranulocytosis,33,1004,781,0.8347199437543942,0.8291028048706609,0.5815990664207825,1.1819335702768479,1.0763755559991455,False,False
Glipizide,Depression,30,1038,688,0.8328794560500378,0.8279056303372413,0.5710822761909811,1.200225889193739,0.996412080400008,False,False
Ciprofloxacin,Diarrhoea,20,1025,465,0.8320087695258974,0.8286656604617363,0.5270691932187255,1.3028399034954057,0.6646590956438287,False,False
Levofloxacin,Osteoporosis,23,1046,525,0.8302202280743184,0.8264030875520402,0.5415426979844691,1.2611047395844142,0.7841576074954333,False,False
Ibuprofen,QT prolongation,22,1049,501,0.829743408077282,0.8260962366826377,0.5363325180744414,1.272410247865106,0.7537063693932826,False,False
Levothyroxine,Osteoporosis,20,912,525,0.8289039430258814,0.8250677085645785,0.5250953521044793,1.2964059213012356,0.6977348192541003,False,False
Sertraline,Cough,28,945,711,0.826636299549916,0.8213427514445699,0.5596121718895972,1.20548470751209,1.0139844186270868,False,False
Amoxicillin,Agranulocytosis,32,984,781,0.8256428625701479,0.8197821184548586,0.5720819971052093,1.1747314635645545,1.1758913632787233,False,False
Metformin,Hepatotoxicity,18,991,437,0.8240320401513382,0.8207767233196055,0.5098278044099241,1.3213764014361291,0.6630140494383656,False,False
Levofloxacin,Photosensitivity reaction,22,1046,507,0.8219589600047309,0.8181338595360824,0.5312172980702472,1.260017349869683,0.8327178686185029,False,False
Glipizide,Rhabdomyolysis,43,1038,1000,0.8208112619115211,0.8130674269991546,0.5950702312329582,1.110925410396183,1.6944739772298083,False,False
Amoxicillin,Haemorrhage,27,984,664,0.8191216449056171,0.8140184938214495,0.5508294168941273,1.2029606407362625,1.0700973117662902,False,False
Fluoxetine,Myalgia,21,1004,507,0.8175446362697358,0.8136468105949286,0.5232142617613722,1.2652964201752483,0.8410091368774533,False,False
Apixaban,Sedation,29,1002,702,0.8170019544862727,0.8115477475799026,0.5565016549194175,1.1834820988939936,1.181036856393662,False,False
Atorvastatin,QT prolongation,21,1017,501,0.8166236479842675,0.8127572791164659,0.5226139169026968,1.2639816380545992,0.8497773832545465,False,False
Sertraline,Dry skin,26,945,669,0.8153414467566878,0.8101171568934386,0.5443211170107415,1.2057033750541724,1.081267664672493,False,False
Warfarin,Headache,20,969,502,0.8149309079386287,0.8110306109510338,0.5161019799674453,1.274497439326038,0.8278663787681763,False,False
Isotretinoin,Lactic acidosis,26,969,653,0.8144110158123519,0.8092940342758951,0.5437364983218512,1.2045482249875898,1.0914524537189496,False,False
Lisinopril,Insomnia,21,1012,508,0.8090754883898353,0.8050296612013252,0.51770097023893,1.2518283578159437,0.9306630451175455,False,False
Simvastatin,Weight increased,29,1003,708,0.8089325543252421,0.8032436878729137,0.5508470486529604,1.1712877897511655,1.3012128364901736,False,False
Ciprofloxacin,Headache,21,1025,502,0.8082247350540034,0.804213499432623,0.5171478317889954,1.2506276018451021,0.9391903656422288,False,False
Apixaban,Gastrointestinal haemorrhage,41,1002,1003,0.8080699308244218,0.7998814471239029,0.5812863704632626,1.1006800812190471,1.8872961842724163,False,False
Omeprazole,Agranulocytosis,32,1005,781,0.8074978910520827,0.8011668864412571,0.5591589265152572,1.1479176124937784,1.4655800945740158,False,False
Simvastatin,Rash,21,1003,514,0.8067824922797531,0.8026505496502977,0.5162063809261561,1.2480432800889483,0.9566363502040435,False,False
Metformin,Hypothyroidism,19,991,471,0.806307653840315,0.802521486579992,0.5048401180673937,1.2757320850174272,0.8688509013117218,False,False
Apixaban,Depression,28,1002,688,0.8043670235287002,0.7987430775931803,0.5442487407637739,1.1722406617012993,1.3235676357102326,False,False
Levofloxacin,Hypothyroidism,20,1046,471,0.8035680217744294,0.7997389383782195,0.5087788757162647,1.2570930124760196,0.9417537448389042,False,False
Apixaban,Bruising,19,1002,468,0.8023196368954741,0.7984987550043388,0.5023026947788797,1.269354650832919,0.9091111983838802,False,False
Enalapril,Dyspepsia,20,1016,486,0.8019330201750533,0.7979557715841908,0.5077351618194113,1.254066019621055,0.9615002481626401,False,False
Naproxen,Sedation,28,988,702,0.7994089309097899,0.7935583580613255,0.5407606441919895,1.1645353159713454,1.4023379904417332,False,False
Enalapril,Nausea,20,1016,488,0.7985059559862708,0.794459890845433,0.5055304357678007,1.2485232807071651,0.9996097922426567,False,False
Enalapril,Weight increased,29,1016,708,0.7980355548339964,0.7921014424633639,0.5432432425414874,1.154960883116048,1.4737195934888407,False,False
Levothyroxine,Weight increased,26,912,708,0.7979112002881102,0.7919808291904702,0.5322596731780994,1.178435386735275,1.3289453899318708,False,False
Levofloxacin,Depression,29,1046,688,0.7974101788154601,0.7916332812595587,0.5428811374265844,1.1543654932798693,1.480645818007658,False,False
Lisinopril,Tendinitis,20,1012,491,0.7967238152782323,0.7926255051023903,0.5043836784285386,1.245589851948056,1.0200691192266182,False,False
Quetiapine,Renal impairment,20,1010,492,0.7966940761872798,0.7925868858072248,0.5043643855388781,1.2455161180391703,1.0205460788250649,False,False
Simvastatin,Pneumonia,20,1003,496,0.7958058597317291,0.7916513502654368,0.5037917911149089,1.2439898216486496,1.0311954704813489,False,False
Amoxicillin,Weight increased,28,984,708,0.7957436633189862,0.7897612601525966,0.5381966803388403,1.1589124772102481,1.4617204302221456,False,False
Quetiapine,Pruritus,20,1010,493,0.7950097335314927,0.7908685160270784,0.5032804706775338,1.2427921329846945,1.0398669203738367,False,False
Atorvastatin,Tendinitis,20,1017,491,0.7925980204882184,0.7884374993345216,0.5017294074429489,1.2389819714276145,1.0674246027264045,False,False
Ciprofloxacin,Dizziness,19,1025,463,0.792188529993408,0.7882636612755897,0.49586036616522344,1.2530938991816036,1.0168061822962715,False,False
Isotretinoin,Tendinitis,19,969,491,0.7905865736124958,0.7863983050847457,0.49484096495156854,1.2497394881215775,1.0386487560056281,False,False
Naproxen,Myalgia,20,988,507,0.7902634488606606,0.7859300490437321,0.5002182611135635,1.2348330519058184,1.097181963129589,False,False
Ibuprofen,Osteoporosis,22,1049,525,0.7901532653459604,0.7856580091021543,0.5103044536346281,1.2095887129143315,1.2063601539340238,False,False
Atorvastatin,Bruising,19,1017,468,0.7898618803284038,0.7858612548035938,0.4943841992946113,1.2491861849198271,1.0435082762007175,False,False
Ciprofloxacin,Depression,28,1025,688,0.7853658536585366,0.7793380140421263,0.5310892944059844,1.1436264043139062,1.6317059133892684,False,False
Atorvastatin,Pneumonia,20,1017,496,0.7842724110293083,0.7799448766467469,0.4963720649202958,1.225520236931924,1.1679009748449727,False,False
Glipizide,Agranulocytosis,32,1038,781,0.7804677270400354,0.7734845931089033,0.5399355566552628,1.1080552269663422,1.97206747131078,False,False
Quetiapine,Headache,20,1010,502,0.7801651534448051,0.775724045433589,0.4937258523077706,1.2187893176975981,1.2201683825976335,False,False
Lisinopril,Sedation,28,1012,702,0.7794654062232439,0.7731900316035801,0.5269477612106325,1.1345011194234536,1.7384216100489585,False,False
Levothyroxine,Dry skin,24,912,669,0.7787841697266421,0.772805363503038,0.5113435541254922,1.1679586552732668,1.5043046650907204,False,False
Ibuprofen,Sedation,29,1049,702,0.7784658707011701,0.7721673513387525,0.529624726990091,1.1257828195862536,1.8164997890377999,False,False
Enalapril,QT prolongation,20,1016,501,0.776924713932588,0.7724452905175797,0.4916426923919514,1.2136287919583366,1.2614759734121708,False,False
Ibuprofen,Hepatotoxicity,18,1049,437,0.7760954289913566,0.7721863288185579,0.47975732053426995,1.2428611318536185,1.1397521650428295,False,False
Amoxicillin,Sedation,27,984,702,0.7730081300813008,0.7666039707419018,0.5189703511715242,1.132399272194678,1.7934309564942332,False,False
Ibuprofen,Diarrhoea,19,1049,465,0.769618299725983,0.7653685402063651,0.4815243221553783,1.216530454195001,1.2866862487281157,False,False
Metformin,Pruritus,19,991,493,0.7688840918477265,0.7643663940546266,0.48104260994063464,1.214561812792791,1.3011379356387902,False,False
Clozapine,Photosensitivity reaction,20,1015,507,0.7681492196113735,0.7634889024176323,0.48599297857402146,1.199431534639131,1.3793479723566515,False,False
Metformin,Bruising,18,991,468,0.7672653884964683,0.7629599177800617,0.4742291847727769,1.22748210112347,1.2511194857197092,False,False
Levofloxacin,Bruising,19,1046,468,0.7667900198869807,0.7624755217154642,0.4797283577703222,1.211871076201022,1.3238999966209204,False,False
Apixaban,Dry skin,26,1002,669,0.7666595269802541,0.7604434897891543,0.5111016866846521,1.1314271038974302,1.8361640872002813,False,False
Enalapril,Insomnia,20,1016,508,0.7657803020524073,0.7610770952663112,0.48446849671912,1.1956161212992769,1.412219944169345,False,False
Warfarin,Photosensitivity reaction,19,969,507,0.7646657023465124,0.7599590163934427,0.4783417585170213,1.2073746360514284,1.3589879853168207,False,False
Isotretinoin,Myalgia,19,969,507,0.7646657023465124,0.7599590163934427,0.4783417585170213,1.2073746360514284,1.3589879853168207,False,False
Levothyroxine,Tendon rupture,37,912,1050,0.7644654578202664,0.7545057114652376,0.5397288759960948,1.0547496973976678,2.7339716050641827,False,False
Isotretinoin,Insomnia,19,969,508,0.7631019688038815,0.7583640081799591,0.4773461049482733,1.2048196537920726,1.3801067168388645,False,False
Ibuprofen,International normalised ratio increased,27,1049,667,0.7621499642516683,0.7558662548923679,0.5116643024376816,1.116618440182467,1.9893658452328067,False,False
Simvastatin,Renal impairment,19,1003,492,0.7608105914813698,0.756192096804689,0.4759141366957664,1.201532888348343,1.4082320605772363,False,False
Glipizide,Lactic acidosis,26,1038,653,0.7575173702341332,0.7512875793508205,0.5049398574194041,1.1178222883245204,2.0031466378027125,False,False
Fluoxetine,Angioedema,37,1004,964,0.7551799275390348,0.7458124583755853,0.5335626496232627,1.04249467885539,2.966896048150625,False,False
Atorvastatin,Dry skin,26,1017,669,0.7547554711429799,0.7483212049973871,0.5029917813803767,1.1133077051715585,2.0602800780624,False,False
Metformin,Depression,26,991,688,0.7533572545660185,0.7467119577978492,0.5019525096184363,1.1108197234478325,2.092094796547422,False,False
Levofloxacin,Sedation,28,1046,702,0.7527787076385383,0.7459789078486355,0.5084889345394904,1.0943886742766968,2.2620537881406735,False,False
Lisinopril,Bruising,18,1012,468,0.7505138339920948,0.7459959758551308,0.4637255521000918,1.2000848205835555,1.4697947170330206,False,False
Omeprazole,Weight increased,27,1005,708,0.7493589322111908,0.7424393935299046,0.5026992328625763,1.0965130181842537,2.2570695229724476,False,False
Clozapine,Bruising,18,1015,468,0.748177339901478,0.7436308926780341,0.46226100790494123,1.1962655190222,1.5021299654045221,False,False
Simvastatin,Cough,27,1003,711,0.747638662958493,0.7406573554788611,0.5015033571732685,1.0938577187538328,2.2941638648483926,False,False
Lisinopril,Pneumonia,19,1012,496,0.747367025463826,0.742533161902711,0.467369959627631,1.179698192336796,1.6000838784752953,False,False
Quetiapine,Hypothyroidism,18,1010,471,0.7470985509146941,0.7425096133304849,0.46158201898415363,1.1944150838057523,1.5178348905983947,False,False
Warfarin,Renal impairment,18,969,492,0.7458165144805424,0.7410054705905842,0.4607482531002948,1.191733454767214,1.5401593565217968,False,False
Isotretinoin,Renal impairment,18,969,492,0.7458165144805424,0.7410054705905842,0.4607482531002948,1.191733454767214,1.5401593565217968,False,False
Isotretinoin,Pruritus,18,969,493,0.744246374450057,0.7394056118213514,0.459761729723141,1.189139120218055,1.562735857812057,False,False
Enalapril,Hypothyroidism,18,1016,471,0.7424518954998175,0.7378067393064274,0.45866967123087127,1.186820970972767,1.5839744999718668,False,False
Metformin,Hyperkalaemia,17,991,458,0.7394280954897936,0.7348801259038865,0.45078756888358906,1.1980117392899399,1.5383042712263166,False,False
Glipizide,Gastrointestinal haemorrhage,39,1038,1003,0.7390509198186747,0.7288637184902745,0.5258795166220777,1.0101977797953414,3.6359915034617942,False,False
Levofloxacin,Haemorrhage,26,1046,664,0.7384513027685705,0.7317843751920831,0.4919154621310938,1.0886187017893663,2.3937156924215195,False,False
Simvastatin,Myalgia,19,1003,507,0.7374250200219015,0.732354974676796,0.4610363107543172,1.1633439632039397,1.7543069742653143,False,False
Ibuprofen,Haemorrhage,26,1049,664,0.7362228843113757,0.7295188715959269,0.4903993570357181,1.0852334457196933,2.4420481521984714,False,False
Simvastatin,Dry skin,25,1003,669,0.7352554138825759,0.7284879142374474,0.48603966420489875,1.0918751704311578,2.373511704253247,False,False
Atorvastatin,Headache,19,1017,502,0.7342608369926569,0.7292016745706734,0.4590379228023692,1.158368526396464,1.8034234175745956,False,False
Enalapril,Depression,26,1016,688,0.7338535100030925,0.7268638042051939,0.48867191631351564,1.0811568502837534,2.500793041407723,False,False
Clozapine,Haemorrhage,25,1015,664,0.7317853481039494,0.7250122508338471,0.4837212489837631,1.0866646130668642,2.446343473559934,False,False
Levofloxacin,Diarrhoea,18,1046,465,0.729682908362955,0.7249497297156138,0.45067606325117326,1.166141611390259,1.7740117584649686,False,False
Sertraline,Depression,24,945,688,0.7288200420730542,0.7217534633648601,0.4777518962608902,1.0903736143303608,2.420407538216785,False,False
Ibuprofen,Renal impairment,19,1049,492,0.7256865997416245,0.720626449639771,0.45361583530569083,1.1448067715062558,1.941832792886898,False,False
Levofloxacin,Agranulocytosis,30,1046,781,0.7238532180165134,0.7156992776036152,0.4941839533798896,1.0365076657367265,3.1625604139155583,False,False
Simvastatin,Lactic acidosis,24,1003,653,0.7226777537023271,0.7158792512394627,0.4738204592193217,1.0815976650724488,2.543254388297389,False,False
Lisinopril,Dyspepsia,18,1012,486,0.7216479173000913,0.7166073363256462,0.4456108142174287,1.1524093628149044,1.9073455114484357,False,False
Amoxicillin,International normalised ratio increased,24,984,667,0.721313962750825,0.7143468118195957,0.47283790356502664,1.079209944273521,2.5771114871989464,False,False
Ciprofloxacin,Photosensitivity reaction,19,1025,507,0.7207616953218712,0.7154878108398788,0.45045943020792617,1.1364459774416207,2.0299019634431894,False,False
Lisinopril,Rash,19,1012,514,0.7201900427196869,0.7148361764675965,0.4500790346652431,1.1353356184805945,2.0416542455070728,False,False
Apixaban,Cough,26,1002,711,0.7196526654719757,0.712184396314467,0.4788868080036766,1.0591367435410912,2.8365113494593848,False,False
Ibuprofen,Lactic acidosis,25,1049,653,0.719179017930331,0.7123230369227707,0.4752687942978629,1.0676150317853101,2.725366632341817,False,False
Enalapril,Rash,19,1016,514,0.7172035313767599,0.7118142305704994,0.448183837290446,1.1305171152665148,2.0941535531136717,False,False
Metformin,International normalised ratio increased,24,991,667,0.7159552614274974,0.708905547129938,0.46925266795073645,1.07095198189551,2.697209860774904,False,False
Clozapine,Weight increased,26,1015,708,0.7130722447741357,0.7055291490856904,0.4744277997679179,1.0492036521744295,2.9977043360688596,False,False
Isotretinoin,Dyspepsia,17,969,486,0.711891669472188,0.7067468778556198,0.4337205139663155,1.1516428973831268,1.9605002895106565,False,False
Warfarin,Dyspepsia,17,969,486,0.711891669472188,0.7067468778556198,0.4337205139663155,1.1516428973831268,1.9605002895106565,False,False
Clozapine,Diarrhoea,17,1015,465,0.7097664496833216,0.7048225916117951,0.432451828329947,1.14874039858919,1.9900790363399279,False,False
Quetiapine,Anaphylactic reaction,17,1010,468,0.7087220917213674,0.7037354608646333,0.43180146156459265,1.1469243227753063,2.008177117603235,False,False
Naproxen,Insomnia,18,988,508,0.7068825910931174,0.7014432989690722,0.43630665413794234,1.1276992844419416,2.1652817006091745,False,False
Enalapril,Pneumonia,18,1016,496,0.7036207294171911,0.6982752115108879,0.43429678542839345,1.1227075294366147,2.220659932218121,False,False
Isotretinoin,Dizziness,16,969,463,0.7029918525752464,0.6980053569206861,0.42212579626699265,1.1541855119932434,1.9842896539896024,False,False
Metformin,Weight increased,25,991,708,0.7021096161204871,0.6944002376556964,0.4634636909591877,1.0404087730332021,3.160008451010153,False,False
Ibuprofen,Dry skin,25,1049,669,0.7013112162426208,0.6940190096079193,0.46314305236745856,1.039986205633514,3.1673968266877512,False,False
Warfarin,Pneumonia,17,969,496,0.6970296304435409,0.69161944527289,0.4245113182335698,1.1267955329671437,2.2169614370770314,False,False
Ibuprofen,Hyperkalaemia,17,1049,458,0.6964131696529898,0.6914122238042504,0.42421957974726293,1.1268948583437544,2.2170827346546957,False,False
Levothyroxine,Angioedema,31,912,964,0.6954175363381659,0.6847001057212342,0.47571618566448876,0.9854914524714379,4.205181600820307,False,False
Metformin,Gastrointestinal haemorrhage,35,991,1003,0.6935508418743901,0.6823314689304609,0.4839892012797782,0.9619558293071632,4.815329427474573,False,False
Omeprazole,Tendon rupture,37,1005,1050,0.6903439367820327,0.6785079095722549,0.4856696872091864,0.9479137683011717,5.232826230776365,False,False
Ibuprofen,Weight increased,26,1049,708,0.6887246337106419,0.6808134318303649,0.45788216250101565,1.012284310069866,3.6527596461537253,False,False
Isotretinoin,Headache,17,969,502,0.6884065834689818,0.6828424153166421,0.41916661299978547,1.1123828799687923,2.376065474166082,False,False
Metformin,Haemorrhage,23,991,664,0.6882645840646945,0.6808576475290417,0.4469315953171233,1.0372216711818139,3.242634591952657,False,False
Isotretinoin,Cough,24,969,711,0.6861077687797712,0.6781359025900511,0.4490428255078873,1.0241078940777906,3.4529274863826336,False,False
Ibuprofen,Cough,26,1049,711,0.6857083214462157,0.6777204586481723,0.45581613258304654,1.0076541553443303,3.7414586192959494,False,False
Naproxen,Hepatotoxicity,15,988,437,0.6839898689487116,0.6791181814196577,0.4041521720721644,1.1411580493804498,2.1620670425140744,False,False
Atorvastatin,Lactic acidosis,23,1017,653,0.6814455838054657,0.6740746063683689,0.44247851228387003,1.0268895829661628,3.41591965493646,False,False
Lisinopril,Nausea,17,1012,488,0.6772152429864975,0.6717003275400356,0.412301054565827,1.0943006936824524,2.5874831210335296,False,False
Lisinopril,Dizziness,16,1012,463,0.6716007463016509,0.6663252562824002,0.40303648236732026,1.101610813373372,2.5392869858020455,False,False
Lisinopril,Renal impairment,17,1012,492,0.6715123777824007,0.6659000264480296,0.4087694766593785,1.084774843873639,2.7038255877234416,False,False
Lisinopril,Pruritus,17,1012,493,0.6701016374929418,0.6644651830581478,0.40789577992222736,1.082418601096291,2.733179200387044,False,False
Quetiapine,Diarrhoea,16,1010,465,0.6700037487044918,0.6646919378184475,0.40206075030167254,1.0988771519461717,2.570814442447035,False,False
Quetiapine,Hepatotoxicity,15,1010,437,0.6683168316831682,0.6633165829145728,0.394781542215767,1.1145123115431532,2.4377057472595687,False,False
Atorvastatin,Renal impairment,17,1017,492,0.6680349842157014,0.6623915789473684,0.40662380024626865,1.0790381763060957,2.775748451314556,False,False
Warfarin,Dry skin,22,969,669,0.667815096428224,0.6600980236947719,0.42943906693508266,1.0146477915843923,3.637307930906292,False,False
Sertraline,Agranulocytosis,25,945,781,0.6667996416673665,0.6577452841039798,0.43918593999525474,0.985069919965333,4.193006551543918,False,False
Atorvastatin,International normalised ratio increased,23,1017,667,0.6666315493749121,0.6589177924691003,0.4325972607414049,1.003641716288835,3.8298498166882657,False,False
Sertraline,Rhabdomyolysis,32,945,1000,0.6665792120337575,0.6548930507906909,0.4576426073509799,0.937161228183052,5.437951273413715,False,False
Clozapine,Pneumonia,17,1015,496,0.6638316690148811,0.6581053547596236,0.4040173696477327,1.071990192750666,2.8659241652830687,False,False
Enalapril,Bruising,16,1016,468,0.6614173228346457,0.656,0.39683467313242055,1.084421370247555,2.742519653996237,False,False
Lisinopril,Hypothyroidism,16,1012,471,0.6597923815315119,0.6543271989055122,0.3958387393293426,1.0816123857733708,2.776778483720581,False,False
Warfarin,Pruritus,16,969,493,0.6587785285139103,0.6530497315109959,0.39515069561302324,1.079269141017117,2.805202525891557,False,False
Naproxen,International normalised ratio increased,22,988,667,0.656347487681637,0.6485210329497488,0.42193746600881327,0.9967816656732359,3.9599757416019634,False,False
Metformin,Rash,17,991,514,0.6561122537444647,0.6501101062225509,0.39918906643942537,1.0587543240662132,3.0409182253969136,False,False
Glipizide,Haemorrhage,23,1038,664,0.6554756987967381,0.6476687441881912,0.4252381513554197,0.9864467730876434,4.1587639459273635,False,False
Clozapine,Lactic acidosis,22,1015,653,0.6521355577588158,0.6444285912640464,0.4192630785609011,0.9905193909848173,4.077907958746228,False,False
Lisinopril,Myalgia,17,1012,507,0.6509558764217149,0.6449923084811814,0.3960354708192035,1.0504490346264992,3.1549862039441514,False,False
Isotretinoin,Hepatotoxicity,14,969,437,0.6500181757411189,0.6448875521394181,0.3771673937151369,1.1026402648646563,2.610639996789222,False,False
Lisinopril,Depression,23,1012,688,0.6489405331510595,0.6407763595034097,0.42077125616155703,0.9758136680819125,4.3724037953633115,False,False
Warfarin,QT prolongation,16,969,501,0.6479120785590416,0.642000843781439,0.3885165134983797,1.0608688925594372,3.0396797394701243,False,False
Ciprofloxacin,Cough,24,1025,711,0.6467142400681649,0.6382438522176513,0.42274371965887947,0.9635985017644506,4.640432947977484,False,False
Naproxen,Weight increased,23,988,708,0.6461124737728656,0.6376778487954313,0.41877249274779865,0.9710118164070998,4.47157250004764,False,False
Isotretinoin,Hypothyroidism,15,969,471,0.6460472000434523,0.6404819044466512,0.38137970709543156,1.0756132596770855,2.8841088062257234,False,False
Naproxen,Diarrhoea,15,988,465,0.6414304993252361,0.6359027064063035,0.378640632217618,1.0679578936009557,2.9789587298470033,False,False
Metformin,Cough,23,991,711,0.6412465092812052,0.6327224077455315,0.4155363263488304,0.9634239412494372,4.631633784334128,False,False
Enalapril,Haemorrhage,22,1016,664,0.6402972992861874,0.6323360725098253,0.4114474498999271,0.9718103944851351,4.4458900179862475,False,False
Quetiapine,Dyspepsia,16,1010,486,0.6400674109964187,0.6342737274712102,0.3838071641565016,1.0481908597104237,3.2098289616181055,False,False
Levothyroxine,Cough,21,912,711,0.6369946605644546,0.6284389791636168,0.4050040688303111,0.9751397107511014,4.371286800655942,False,False
Lisinopril,Hyperkalaemia,15,1012,458,0.635310807555385,0.6298240092738713,0.37500666376764036,1.0577899567768778,3.1084940256195788,False,False
Metformin,Anaphylactic reaction,15,991,468,0.6351534672984008,0.6295461947671263,0.3748805273529376,1.0572125848847795,3.1157934602323967,False,False
Metformin,Agranulocytosis,25,991,781,0.6343133172093818,0.624849376143372,0.41732334244193797,0.9355736982794881,5.309143202808778,False,False
Sertraline,Tendon rupture,32,945,1050,0.6338395650772861,0.6210059025170157,0.4340798129996928,0.8884272417460845,6.926163258922039,False,False
Simvastatin,Osteoporosis,17,1003,525,0.6338249032430269,0.6275115395058376,0.38539780545402424,1.0217254136906624,3.5736677319473915,False,False
Levofloxacin,Cough,24,1046,711,0.6330291315637864,0.6244114203676326,0.41362121554690134,0.9426248152431003,5.115147287891954,False,False
Atorvastatin,Sedation,23,1017,702,0.6322690983762054,0.6237602344553329,0.40966489789436183,0.9497441252291551,4.93101687036567,False,False
Ciprofloxacin,International normalised ratio increased,22,1025,667,0.6314237095859332,0.6233392844721649,0.40562287190019936,0.9579140883896483,4.73501337745664,False,False
Clozapine,Renal impairment,16,1015,492,0.6287204536987208,0.6227740345387405,0.37689441552680714,1.0290614084943217,3.4795536860139165,False,False
Quetiapine,Cough,23,1010,711,0.6285545705733364,0.619898800688014,0.4071513917279195,0.9438123776603249,5.06540301997016,False,False
Ibuprofen,Myalgia,17,1049,507,0.6267718526876909,0.62062371460212,0.38112669420058526,1.010618781070786,3.746516487464838,False,False
Simvastatin,Agranulocytosis,25,1003,781,0.626328685899972,0.6167767606929161,0.4119566479031226,0.9234310805934763,5.614191146156322,False,False
Clozapine,Cough,23,1015,711,0.6252935616909153,0.6166058116091523,0.40499796939297494,0.9387768720915872,5.181617010076028,False,False
Naproxen,Dry skin,21,988,669,0.6236129854550907,0.6154391206097515,0.39661607048379677,0.9549923449014106,4.780771328619878,False,False
Simvastatin,Hypothyroidism,15,1003,471,0.6230322191320774,0.6173090240784147,0.36763024577304354,1.0365589762815612,3.3922132386866948,False,False
Enalapril,Lactic acidosis,21,1016,653,0.620863649955148,0.6128617772406335,0.39493784626543593,0.9510346034300018,4.864454792317422,False,False
Isotretinoin,Hyperkalaemia,14,969,458,0.6192740728344444,0.613692750341965,0.35906659545352554,1.0488828439932993,3.251236206297748,False,False
Warfarin,Tendinitis,15,969,491,0.6189023597054921,0.6129102584429998,0.36508654479911695,1.0289587229553072,3.4983405767739386,False,False
Apixaban,International normalised ratio increased,21,1002,667,0.6163493446543445,0.6081366394940401,0.3919270700570895,0.9436198735678891,5.024602079752037,False,False
Amoxicillin,Gastrointestinal haemorrhage,31,984,1003,0.6163387868446586,0.603858726395744,0.4198337364471621,0.8685470694425297,7.553500997965434,False,False
Ciprofloxacin,Lactic acidosis,21,1025,653,0.6151204075331893,0.6070701371728277,0.39122098327608545,0.942010186572637,5.059751504369292,False,False
Ciprofloxacin,Anaphylactic reaction,15,1025,468,0.6129865934420934,0.6072388695823224,0.36164310773782243,1.0196213804216576,3.632686594263204,False,False
Simvastatin,Sedation,22,1003,702,0.6127705119934314,0.6040864663908376,0.39319548423733847,0.92808914014968,5.404445741997511,False,False
Quetiapine,Myalgia,16,1010,507,0.612691819080075,0.6064574821638589,0.3671028690236909,1.0018736128395442,3.892387666519104,False,False
Quetiapine,Photosensitivity reaction,16,1010,507,0.612691819080075,0.6064574821638589,0.3671028690236909,1.0018736128395442,3.892387666519104,False,False
Glipizide,Tendon rupture,34,1038,1050,0.6113247765994568,0.598162468237287,0.4225405884709612,0.8467786247529042,8.580366194966306,False,False
Glipizide,Angioedema,31,1038,964,0.6069694585390736,0.5948702065179329,0.4136133472322862,0.8555588570113372,8.022437895200188,False,False
Isotretinoin,QT prolongation,15,969,501,0.6061677432506466,0.5999754121696819,0.35743901611376483,1.0070822685277567,3.818890491504459,False,False
Clozapine,Dry skin,21,1015,669,0.606162196679438,0.5978416797078769,0.3853226916605119,0.9275723484015198,5.385050872926707,False,False
Naproxen,Depression,21,988,688,0.6058488974136413,0.5972892560958404,0.3849934005418734,0.926650833352974,5.406554722177789,False,False
Warfarin,Bruising,14,969,468,0.6056336747543904,0.5998523883109994,0.35103108874619904,1.0250456421042742,3.5711734798534236,False,False
Ibuprofen,Dizziness,15,1049,463,0.6048809240092605,0.5991490225200331,0.35682290896072694,1.0060440127912909,3.8348334575679885,False,False
Enalapril,Sedation,22,1016,702,0.6045159796201945,0.5957628121671203,0.3878007382349659,0.9152466547039521,5.714289913552278,False,False
Sertraline,Angioedema,28,945,964,0.6031972143083254,0.5910810987146865,0.40352530221215527,0.8658115447592789,7.455920064911832,False,False
Warfarin,Cough,21,969,711,0.5977341050836811,0.5888231517152815,0.37958496494112637,0.9133994652546173,5.72054568502834,False,False
Amoxicillin,Rhabdomyolysis,30,984,1000,0.5976866985164697,0.5850353368345976,0.4044576319703244,0.8462353489976513,8.295156352356214,False,False
Naproxen,Haemorrhage,20,988,664,0.5976060552719592,0.589292130794107,0.37586497400861857,0.9239094872614977,5.436245061520284,False,False
Simvastatin,Depression,21,1003,688,0.5963174942937305,0.5876847726849406,0.3788287595937503,0.9116873608437833,5.761847248832418,False,False
Metformin,Angioedema,29,991,964,0.5949384028448551,0.582727606257018,0.4004178165693038,0.8480428418580661,8.149988816043582,False,False
Ciprofloxacin,Weight increased,22,1025,708,0.5936855578468322,0.5847733766630139,0.38068457500925873,0.89827622263273,6.145175855437212,False,False
Enalapril,Agranulocytosis,24,1016,781,0.5923922653657725,0.5825307879149444,0.38606766125162856,0.8789705870951772,6.789389894603237,False,False
Ciprofloxacin,Rhabdomyolysis,31,1025,1000,0.5922374084421959,0.5795204664519625,0.40299767983442214,0.8333645274947661,8.877297843084525,False,False
Apixaban,Haemorrhage,20,1002,664,0.5888223552894212,0.5804480651731161,0.37024723889624306,0.9099864116951091,5.760840363397892,False,False
Atorvastatin,Depression,21,1017,688,0.5876751889541955,0.5789815935405791,0.3732418872679549,0.8981298645565203,6.0995952134602005,False,False
Levofloxacin,Weight increased,22,1046,708,0.5811225883415371,0.5721232689504373,0.3724833943247243,0.8787641002572542,6.672251483712488,False,False
Ciprofloxacin,Pruritus,15,1025,493,0.5809266251658333,0.5747027631633457,0.34241257812934506,0.9645769083366478,4.507861927490522,False,False
Levothyroxine,Rhabdomyolysis,27,912,1000,0.5807864986206523,0.5679969341717909,0.3852177444085219,0.8375017036764951,8.367717502606386,False,False
Warfarin,Nausea,14,969,488,0.5800795112626441,0.5739236088099499,0.3359695581124108,0.9804111735600388,4.237028331190447,False,False
Lisinopril,International normalised ratio increased,20,1012,667,0.5799952349243391,0.5715273969187815,0.3645842042120855,0.8959344964894413,6.104121884559215,False,False
Isotretinoin,Haemorrhage,19,969,664,0.5785377716978265,0.570108527131783,0.3595883761337407,0.903877194816458,5.861303284694146,False,False
Enalapril,International normalised ratio increased,20,1016,667,0.5775900887195902,0.5691079619870517,0.3630470790511785,0.8921263689643893,6.199942395707298,False,False
Clozapine,Sedation,21,1015,702,0.5767886981619322,0.567847614320283,0.36611041875922873,0.8807477104367675,6.5560877847797325,False,False
Enalapril,Dry skin,20,1016,669,0.5758101500794681,0.5672922816071683,0.36189617074490793,0.8892620557676759,6.272858315650084,False,False
Ibuprofen,Dyspepsia,15,1049,486,0.5753432143442648,0.5691828160997425,0.33911348380534945,0.9553411869909338,4.669912387877816,False,False
Ciprofloxacin,Haemorrhage,20,1025,664,0.5749128919860627,0.566453447050462,0.36135644093530417,0.8879584568766485,6.306159663749784,False,False
Levofloxacin,Lactic acidosis,20,1046,653,0.5725263472674055,0.5641935275260294,0.3599045525755612,0.8844409836561736,6.396760864890255,False,False
Clozapine,Insomnia,15,1015,508,0.5691004106755663,0.5626369168356998,0.3352904869893909,0.9441374344641,4.873167288952446,False,False
Ibuprofen,Depression,21,1049,688,0.5687875795181533,0.5599787654810727,0.36104088747790586,0.8685338106169367,6.892739293281591,False,False
Ciprofloxacin,Hepatotoxicity,13,1025,437,0.5675908881730327,0.5620362256693265,0.32249074944441425,0.9795155969863539,4.247922371459919,False,False
Apixaban,Angioedema,28,1002,964,0.5671818755651091,0.5547394654170835,0.37883658152307553,0.8123182646565162,9.434082695402624,False,False
Quetiapine,Rash,15,1010,514,0.5651897855116172,0.5586348576550085,0.3329294722420081,0.9373543954690329,4.9996678657253435,False,False
Isotretinoin,Diarrhoea,13,969,465,0.5648625076486113,0.558945366016218,0.320815210253067,0.9738313901780384,4.336662992274075,False,False
Metformin,Sedation,20,991,702,0.5625112818889063,0.5535001857383174,0.3531711728979151,0.867461670494003,6.851685664143379,False,False
Metformin,Dry skin,19,991,669,0.560693937747419,0.5521066793289016,0.34828573397917406,0.8752060610608113,6.57392957021054,False,False
Atorvastatin,Angioedema,28,1017,964,0.5583751439208666,0.5458721146284341,0.3728101401589631,0.7992710858182765,9.976818835108768,False,False
Simvastatin,Haemorrhage,19,1003,664,0.5579277670863378,0.5493918194995904,0.3465739839435592,0.8709002559817786,6.686780893757684,False,False
Simvastatin,Tendon rupture,30,1003,1050,0.5570641018122104,0.5434072909739436,0.3758170339759732,0.7857320376343528,10.832519891748094,False,False
Warfarin,Insomnia,14,969,508,0.5565945108066666,0.5500943256247748,0.3221187549037077,0.9394167910994016,4.934328701390125,False,False
Quetiapine,Nausea,14,1010,488,0.5553327484647199,0.5490824055716537,0.3214773203995232,0.9378312838170624,4.962857106584036,False,False
Warfarin,Hepatotoxicity,12,969,437,0.5545365142961209,0.5489507652590817,0.3081561862589207,0.9779032715096363,4.269503301882567,False,False
Naproxen,Angioedema,27,988,964,0.5544916803131711,0.5419747972418449,0.3676599290522835,0.7989358035359022,9.869547097050019,False,False
Quetiapine,Osteoporosis,15,1010,525,0.5529994175888177,0.546260715341413,0.32560705435947246,0.9164444232091964,5.40687295537181,False,False
Atorvastatin,Nausea,14,1017,488,0.5513071041244,0.5450441923175621,0.3191210233715289,0.9309106884921315,5.090020855085684,False,False
Levothyroxine,Haemorrhage,17,912,664,0.5499335665283765,0.5413848186300328,0.33292107577238345,0.8803813971917565,6.310902927838745,False,False
Amoxicillin,Tendon rupture,29,984,1050,0.548903912153715,0.5352057063447703,0.3679183464253731,0.778556304373111,11.033086358668683,False,False
Apixaban,Rhabdomyolysis,28,1002,1000,0.5461751394330681,0.5331288395399735,0.36415086807731395,0.7805181436197863,10.803023692034484,False,False
Naproxen,Lactic acidosis,18,988,653,0.5454684561190984,0.5370338501501746,0.3346729187602125,0.8617528937671761,6.853427587001282,False,False
Lisinopril,Weight increased,20,1012,708,0.5454315654012317,0.536266879219805,0.34222562942377033,0.8403291309080839,7.6330164860025365,False,False
Warfarin,Agranulocytosis,21,969,781,0.5426796480364999,0.5325491339107262,0.3435082743724909,0.8256237220112123,8.195559082193519,False,False
Atorvastatin,Weight increased,20,1017,708,0.542607075072603,0.5334316904200975,0.3404236551970141,0.8358683775361172,7.768395919585289,False,False
Ciprofloxacin,Renal impairment,14,1025,492,0.542198183488111,0.5358586924582728,0.3137716742943319,0.9151384965799537,5.390202028926861,False,False
Isotretinoin,Nausea,13,969,488,0.5375112704361523,0.5312221977537988,0.3050160694667434,0.9251873971090714,5.16131162227475,False,False
Sertraline,Gastrointestinal haemorrhage,26,945,1003,0.5366064997590074,0.5234963463245507,0.35264512289504507,0.7771224010284037,10.669790656066782,False,False
Fluoxetine,Lactic acidosis,18,1004,653,0.536323995357154,0.5278593218444043,0.3289777559690729,0.8469735676725475,7.253563685476481,False,False
Ciprofloxacin,Angioedema,27,1025,964,0.5334357185620949,0.5208132380021516,0.35337183268336203,0.7675949348270085,11.25178703281336,False,False
Lisinopril,Lactic acidosis,18,1012,653,0.5318601973172327,0.5233828165845467,0.32619864867331594,0.839763051778643,7.455951224310163,False,False
Levofloxacin,International normalised ratio increased,19,1046,667,0.5313097514340344,0.5226387536514119,0.3297654802570831,0.8283197701753204,7.895098749563157,False,False
Clozapine,Depression,19,1015,688,0.5312170948478355,0.5222744490668203,0.3295605888282137,0.8276796722506,7.915265980068238,False,False
Enalapril,Tendon rupture,29,1016,1050,0.5307210007172218,0.5169326613259345,0.3554185103861865,0.7518442864868271,12.349551576393093,False,False
Warfarin,Hyperkalaemia,12,969,458,0.5284260506185009,0.5225128976482,0.293423257663185,0.930463830246587,5.033000871948371,False,False
Warfarin,Depression,18,969,688,0.5276373550205627,0.5186967371345167,0.3233263902271137,0.83211984312511,7.676745964844782,False,False
Omeprazole,Rhabdomyolysis,27,1005,1000,0.524474237241337,0.5113462253860365,0.346981022084985,0.7535713643511748,11.922763814928766,False,False
Lisinopril,Haemorrhage,18,1012,664,0.5228037543288586,0.5141623736225402,0.3204868753914385,0.8248791658824569,7.889611909581307,False,False
Quetiapine,International normalised ratio increased,18,1010,667,0.521472486231674,0.5127895273124907,0.31963781073993364,0.8226595555533751,7.956178903218252,False,False
Ibuprofen,Rhabdomyolysis,28,1049,1000,0.5204133272134543,0.5072610972055961,0.34656433831396866,0.7424705669084528,12.66153888664826,False,False
Levofloxacin,Gastrointestinal haemorrhage,28,1046,1003,0.5203824091778203,0.5071905697445972,0.34651664129241383,0.7423662917844426,12.667015034950857,False,False
Quetiapine,Dry skin,18,1010,669,0.5198704202217456,0.5111583915564144,0.3186271941973925,0.820026997120257,8.035721354102762,False,False
Atorvastatin,Agranulocytosis,21,1017,781,0.5157623039900636,0.5055524730500951,0.3261671562099216,0.7835960737952825,9.668267410117872,False,False
Lisinopril,Osteoporosis,14,1012,525,0.5140505712274622,0.5072336453729377,0.29714059607265036,0.8658728372995964,6.428630546213014,False,False
Levothyroxine,Gastrointestinal haemorrhage,24,912,1003,0.513090694048707,0.4999309830770505,0.3316059271407624,0.7536987954207878,11.39567318047914,False,False
Enalapril,Cough,19,1016,711,0.5130285376177689,0.5037482389364626,0.31793750235548524,0.7981514805631715,8.86290055032923,False,False
Sertraline,Lactic acidosis,16,945,653,0.5064746289236085,0.497974730175253,0.3018937128324276,0.8214110508182788,7.759323705386079,False,False
Quetiapine,Pneumonia,13,1010,496,0.5060574380419408,0.4996168630113944,0.2869462234571011,0.869908677653897,6.258470383908681,False,False
Naproxen,Agranulocytosis,20,988,781,0.5057270691131954,0.49551481847503825,0.31637384752729864,0.7760911252538467,9.796710646558527,False,False
Simvastatin,Angioedema,25,1003,964,0.5042646289034919,0.4915924568406977,0.32874656024034393,0.7351047063306009,12.468786106209825,False,False
Ibuprofen,Agranulocytosis,21,1049,781,0.4991859414981687,0.48895530411632193,0.31550225373513396,0.7577672951401219,10.684931426852836,False,False
Isotretinoin,Osteoporosis,13,969,525,0.4986676825335397,0.4918504020658996,0.2825584051457181,0.8561657116079353,6.562158540976786,False,False
Clozapine,Gastrointestinal haemorrhage,26,1015,1003,0.49776383923844486,0.4845604619080096,0.32653854025668766,0.7190539930139068,13.511531097448005,False,False
Simvastatin,International normalised ratio increased,17,1003,667,0.4953585397653194,0.486657824933687,0.29939716979718883,0.79104234261673,8.810760397008126,False,False
Quetiapine,Haemorrhage,17,1010,664,0.4940242092215404,0.4853619852102274,0.2985999599163884,0.7889359956819056,8.878911453333465,False,False
Clozapine,Anaphylactic reaction,12,1015,468,0.4922219341457091,0.4861468226898253,0.2730895857196813,0.8654256535948882,6.271485566713832,False,False
Atorvastatin,Haemorrhage,17,1017,664,0.49044299459421664,0.48178052550231837,0.29640484443431453,0.7830927163025092,9.070798064921254,False,False
Isotretinoin,Sedation,17,969,702,0.4874119605583301,0.47825860271115744,0.294279197434103,0.7772594633314094,9.26746231742701,False,False
Ciprofloxacin,Sedation,18,1025,702,0.4871630295250321,0.4779961323368003,0.2980635245101407,0.7665490197247082,9.812812886818653,False,False
Lisinopril,Hepatotoxicity,11,1012,437,0.4844866299244744,0.47882164783573233,0.26228074132489254,0.8741403172721876,6.0133081295029065,False,False
Simvastatin,Gastrointestinal haemorrhage,25,1003,1003,0.4841559167079538,0.47096971825979317,0.31501904519075047,0.7041240169571239,14.105047951630985,False,False
Warfarin,Weight increased,17,969,708,0.48317972935232434,0.47395079594790157,0.2916431459536863,0.7702199077749667,9.50860541529009,False,False
Omeprazole,Gastrointestinal haemorrhage,25,1005,1003,0.4831415519539318,0.46995638746296065,0.31434437905185,0.7026020531475974,14.1903057085348,False,False
Warfarin,Rhabdomyolysis,24,969,1000,0.4829467593767447,0.4698152485037731,0.31172432866111216,0.7080819411006654,13.649248059693049,False,False
Quetiapine,Rhabdomyolysis,25,1010,1000,0.48210205635948217,0.4689574385005857,0.3136792397672545,0.701101798411042,14.274812365247499,False,False
Warfarin,Dizziness,11,969,463,0.4779605833949789,0.4719663938514974,0.25860016155559246,0.8613771761983245,6.26811212911253,False,False
Clozapine,Tendon rupture,26,1015,1050,0.474917256773399,0.46111326150151666,0.31080865015153786,0.6841039971985929,15.536111424709762,False,False
Levofloxacin,Dry skin,17,1046,669,0.4724659526797969,0.4637506185646914,0.2853574055601576,0.7536676183222274,10.096632423872034,False,False
Naproxen,Cough,17,988,711,0.4713682343744531,0.462113095326426,0.28438896702312844,0.7509029450316308,10.200119848390344,False,False
Omeprazole,Sedation,17,1005,702,0.469063441914515,0.4599278938502911,0.28304278902975877,0.7473557912098027,10.331746659770703,False,False
Quetiapine,Agranulocytosis,19,1010,781,0.4688157792157168,0.45863162160229465,0.28961537329354453,0.7262838361841853,11.610337857477989,False,False
Apixaban,Tendon rupture,25,1002,1050,0.46244097171510634,0.4486856229872432,0.30017933650902584,0.6706617138165246,16.09501447862669,False,False
Omeprazole,Angioedema,23,1005,964,0.46196752687148734,0.44936595163527987,0.29566550444874945,0.6829669185303392,14.780878710020232,False,False
Ciprofloxacin,Agranulocytosis,19,1025,781,0.4615901670827732,0.45142139290242794,0.2850801482835182,0.714820990507215,12.115076589784069,False,False
Fluoxetine,Tendon rupture,25,1004,1050,0.4614711884170634,0.44771917586387305,0.29953574899003005,0.6692104735815613,16.187085157174096,False,False
Lisinopril,QT prolongation,12,1012,501,0.4604379349644753,0.45396319018404907,0.2551338175902722,0.8077430894442769,7.595944003879556,False,False
Lisinopril,Dry skin,16,1012,669,0.45973282327233983,0.4510538324815341,0.2735644231390705,0.7436988971802567,10.258748329088744,False,False
Enalapril,Rhabdomyolysis,24,1016,1000,0.4594681812314444,0.44639079851930197,0.2962514691966816,0.6726202760885146,15.679223143217941,False,False
Clozapine,Headache,12,1015,502,0.4580677591233538,0.4515840234398844,0.25380274329035024,0.8034906462490846,7.703246430019131,False,False
Atorvastatin,Tendon rupture,25,1017,1050,0.45526057030481815,0.4415322580645161,0.29541538222679464,0.6599207307420571,16.78854046819373,False,False
Lisinopril,Photosensitivity reaction,12,1012,507,0.45485686908611805,0.4483151515151515,0.25198034535552505,0.7976275879552298,7.853732935701536,False,False
Isotretinoin,International normalised ratio increased,15,969,667,0.4518366920549298,0.44321777211868657,0.26456369168266386,0.7425130495891258,10.087468561933099,False,False
Metformin,Tendon rupture,24,991,1050,0.4486932096470574,0.4350103110240268,0.2887308881687077,0.6553991223365394,16.7659154205327,False,False
Atorvastatin,Gastrointestinal haemorrhage,23,1017,1003,0.43807216101779944,0.4250698065946701,0.2797494538565807,0.6458791536052892,17.053494807571802,False,False
Naproxen,Rhabdomyolysis,22,988,1000,0.43286720813359497,0.4199511404099294,0.27387232273555095,0.643945903587677,16.828784978132845,False,False
Sertraline,International normalised ratio increased,14,945,667,0.4323067324598718,0.4237699915946067,0.2485626051853701,0.7224779674407067,10.570161341933517,False,False
Metformin,Rhabdomyolysis,22,991,1000,0.4314887154121243,0.4185813384658567,0.27298292245539946,0.6418362560408676,16.964718873671757,False,False
Naproxen,Tendon rupture,23,988,1050,0.4309513578718724,0.4173885404947253,0.27471491187046865,0.6341599462152987,17.840223512735566,False,False
Amoxicillin,Angioedema,21,984,964,0.4303597754959523,0.41793771452545897,0.26990175248181913,0.6471685775161098,16.273384230482154,False,False
Levofloxacin,Rhabdomyolysis,23,1046,1000,0.4265819390924338,0.41368984192637903,0.27229164282443713,0.6285146453187926,18.232199567202667,False,False
Fluoxetine,Rhabdomyolysis,22,1004,1000,0.4256104416689072,0.41274224382442243,0.2691913634503328,0.6328440766215392,17.556531860389686,False,False
Ciprofloxacin,Dry skin,15,1025,669,0.42459163123741334,0.41604596239440456,0.2484023366151879,0.6968301715004999,11.830401461198187,False,False
Fluoxetine,Gastrointestinal haemorrhage,22,1004,1003,0.4243088806852103,0.4114115236333514,0.2683272245461623,0.6307948888324476,17.69427067889223,False,False
Warfarin,Tendon rupture,22,969,1050,0.4203077503784639,0.40684077097859717,0.265356780831972,0.6237617610957857,18.175018740853336,False,False
Enalapril,Gastrointestinal haemorrhage,22,1016,1003,0.4190324833249055,0.4061740473421569,0.2649258776309515,0.6227302451900391,18.247011199419067,False,False
Quetiapine,Angioedema,21,1010,964,0.41870793654126814,0.4063650312504356,0.2624595644698831,0.6291732555325347,17.417501117194792,False,False
Isotretinoin,Angioedema,20,969,964,0.4160981966381557,0.40379257380650463,0.25806968096543237,0.6318000706294566,16.860212931936193,False,False
Isotretinoin,Agranulocytosis,16,969,781,0.41076778836749694,0.4008751174481685,0.24329806187842085,0.6605102340247461,13.78498106865317,False,False
Clozapine,Rhabdomyolysis,21,1015,1000,0.4012186960656546,0.3885683868276051,0.25101370504442894,0.6015025801682151,19.338985262507848,False,False
Ciprofloxacin,Gastrointestinal haemorrhage,21,1025,1003,0.3958819730763499,0.3832460382502576,0.24758974678284174,0.5932294359642549,19.955043871110963,False,False
Warfarin,Angioedema,19,969,964,0.39487498703184976,0.38277248677248676,0.24192461349392916,0.6056216211901488,18.14651618328365,False,False
Lisinopril,Agranulocytosis,16,1012,781,0.39242553411351366,0.382665301729795,0.23228657378786555,0.6303968876035165,15.341624978248241,False,False
Lisinopril,Rhabdomyolysis,20,1012,1000,0.3829152214245382,0.3704739960500329,0.23686103592515464,0.5794578294112059,20.517266683579603,False,False
Lisinopril,Tendon rupture,21,1012,1050,0.3829152214245382,0.3698387528573488,0.23896322360941025,0.5723922746315545,21.599972049467713,False,False
Ibuprofen,Angioedema,20,1049,964,0.38274951123749823,0.37075241718963614,0.23703632593968502,0.5798999554479033,20.482713755144204,False,False
Ibuprofen,Tendon rupture,21,1049,1050,0.3686893251104065,0.3557929008179147,0.2299244159527111,0.5505660968970872,23.479662727773185,False,False
Quetiapine,Depression,13,1010,688,0.3621122112211221,0.3537947174857907,0.20361109383089399,0.6147538415800127,14.842492435536252,False,False
Quetiapine,QT prolongation,9,1010,501,0.3439386621588988,0.3380400087717161,0.17430757934603794,0.6555713065323989,11.344763207841503,False,False
Warfarin,Sedation,12,969,702,0.3415623457621035,0.3333060742356095,0.1876672847050752,0.5919675307123432,15.51565980670947,False,False
Warfarin,Gastrointestinal haemorrhage,17,969,1003,0.3386178427813957,0.3268074471167777,0.20144388163154364,0.5301878946432167,22.728197063391434,False,False
Isotretinoin,Gastrointestinal haemorrhage,17,969,1003,0.3386178427813957,0.3268074471167777,0.20144388163154364,0.5301878946432167,22.728197063391434,False,False
Warfarin,Lactic acidosis,11,969,653,0.33650807429054586,0.32888969100995713,0.1805829111531346,0.5989959302455705,14.625364242642524,False,False
Clozapine,Angioedema,17,1015,964,0.33577124546792825,0.32445672760515754,0.200000161523853,0.5263604153424253,23.055153021425554,False,False
Quetiapine,Tendon rupture,17,1010,1050,0.3094227138105873,0.2976001419422892,0.18350554285587622,0.48263307530513977,27.205274612407255,False,False
Lisinopril,Gastrointestinal haemorrhage,16,1012,1003,0.30415960850743456,0.29298144960795564,0.1780475102196125,0.48210800425404493,26.38753996308752,False,False
Isotretinoin,Tendon rupture,16,969,1050,0.30390460164519845,0.29221779537691217,0.1775839366734045,0.48085002244311287,26.51381692491677,False,False
Isotretinoin,Rhabdomyolysis,15,969,1000,0.29908377991859314,0.2880630846342943,0.17228160847723042,0.48165524725752534,25.547196234727522,False,False
Quetiapine,Lactic acidosis,10,1010,653,0.29241026746531573,0.2853343701399689,0.15229505615194422,0.5345918957601921,17.42948610868632,False,False
Levofloxacin,Angioedema,15,1046,964,0.28641399722360456,0.2760320476196803,0.16511068020940875,0.4614703980171211,27.58246933221116,False,False
Isotretinoin,Weight increased,10,969,708,0.281372992569068,0.27387948884194674,0.14621677767877228,0.5130052487760163,18.758563053202387,False,False
Quetiapine,Gastrointestinal haemorrhage,14,1010,1003,0.2661554325301084,0.2558403482484031,0.15038263736286478,0.4352516017785133,29.40635523495936,False,False
Isotretinoin,Anaphylactic reaction,6,969,468,0.25506279066650583,0.2504214373373252,0.11163097093105048,0.561769693079402,13.195409766030723,False,False
